{"stats":{"minecraft:crafted":{"minecraft:cooked_beef":45,"minecraft:red_dye":1,"minecraft:oak_planks":20,"minecraft:crafting_table":1,"minecraft:wooden_pickaxe":1,"minecraft:red_bed":1,"minecraft:furnace":1,"minecraft:stone_axe":1,"minecraft:air":0,"minecraft:jungle_planks":40,"minecraft:oak_boat":1,"minecraft:stick":8,"minecraft:stone_pickaxe":1,"minecraft:stone_sword":1,"minecraft:white_bed":1,"minecraft:smoker":1},"minecraft:dropped":{"minecraft:wheat_seeds":2,"minecraft:cocoa_beans":8,"minecraft:dark_oak_sapling":1,"minecraft:rotten_flesh":3,"minecraft:filled_map":2,"minecraft:fishing_rod":1},"minecraft:picked_up":{"minecraft:cocoa_beans":8,"minecraft:crafting_table":3,"minecraft:jungle_log":14,"minecraft:leather":45,"minecraft:smoker":2,"minecraft:oak_log":5,"minecraft:dirt":15,"minecraft:wheat_seeds":2,"minecraft:beef":81,"minecraft:oak_boat":5,"minecraft:poppy":1,"minecraft:bamboo":9,"minecraft:sugar_cane":3,"minecraft:dark_oak_sapling":1,"minecraft:stick":2,"minecraft:jungle_planks":17,"minecraft:sand":4,"minecraft:rotten_flesh":3,"minecraft:oak_sapling":1,"minecraft:cobblestone":30,"minecraft:mutton":4,"minecraft:coal":1,"minecraft:white_wool":3},"minecraft:used":{"minecraft:stone_sword":106,"minecraft:stone_pickaxe":28,"minecraft:wooden_pickaxe":6,"minecraft:crafting_table":3,"minecraft:smoker":2,"minecraft:map":2,"minecraft:stone_axe":34,"minecraft:oak_sapling":1,"minecraft:oak_boat":6,"minecraft:cooked_beef":15},"minecraft:killed":{"minecraft:sheep":3,"minecraft:zombie":1,"minecraft:drowned":3,"minecraft:cow":42},"minecraft:mined":{"minecraft:dark_oak_leaves":1,"minecraft:smoker":2,"minecraft:jungle_leaves":2,"minecraft:crafting_table":3,"minecraft:grass_block":3,"minecraft:poppy":1,"minecraft:jungle_log":14,"minecraft:tall_grass":3,"minecraft:sugar_cane":1,"minecraft:birch_leaves":4,"minecraft:grass":14,"minecraft:oak_log":5,"minecraft:coal_ore":1,"minecraft:vine":1,"minecraft:dirt":12,"minecraft:sand":2,"minecraft:bamboo":1,"minecraft:stone":30,"minecraft:oak_leaves":2,"minecraft:fern":1},"minecraft:custom":{"minecraft:mob_kills":49,"minecraft:interact_with_crafting_table":8,"minecraft:leave_game":1,"minecraft:time_since_death":102511,"minecraft:climb_one_cm":6979,"minecraft:time_since_rest":102511,"minecraft:sprint_one_cm":220785,"minecraft:damage_taken":915,"minecraft:walk_one_cm":127799,"minecraft:drop":10,"minecraft:damage_dealt":5228,"minecraft:swim_one_cm":40936,"minecraft:fly_one_cm":421845,"minecraft:open_chest":7,"minecraft:crouch_one_cm":568,"minecraft:play_time":102511,"minecraft:sneak_time":459,"minecraft:walk_under_water_one_cm":24095,"minecraft:boat_one_cm":102193,"minecraft:jump":2196,"minecraft:walk_on_water_one_cm":9667,"minecraft:total_world_time":102511,"minecraft:interact_with_smoker":22,"minecraft:fall_one_cm":70931}},"DataVersion":3465}