{"stats":{"minecraft:crafted":{"minecraft:grindstone":1,"minecraft:oak_planks":604,"minecraft:cobblestone_slab":132,"minecraft:oak_sign":12,"minecraft:blaze_powder":6,"minecraft:birch_slab":126,"minecraft:stone":7,"minecraft:diamond_shovel":1,"minecraft:bookshelf":26,"minecraft:cooked_mutton":4,"minecraft:glass":89,"minecraft:hopper":4,"minecraft:diamond_helmet":1,"minecraft:diamond_leggings":1,"minecraft:bow":1,"minecraft:iron_boots":1,"minecraft:chest":18,"minecraft:netherite_upgrade_smithing_template":16,"minecraft:rail":80,"minecraft:stone_hoe":1,"minecraft:oak_fence":24,"minecraft:raw_iron_block":56,"minecraft:smoker":1,"minecraft:glass_bottle":21,"minecraft:oak_slab":60,"minecraft:emerald":2638,"minecraft:cauldron":6,"minecraft:diamond_axe":1,"minecraft:crafting_table":3,"minecraft:spruce_planks":64,"minecraft:wooden_pickaxe":1,"minecraft:iron_helmet":1,"minecraft:raw_gold_block":29,"minecraft:smithing_table":3,"minecraft:gold_block":45,"minecraft:hay_block":8,"minecraft:birch_planks":248,"minecraft:apple":32,"minecraft:yellow_dye":2,"minecraft:lectern":14,"minecraft:emerald_block":171,"minecraft:iron_chestplate":1,"minecraft:book":53,"minecraft:paper":621,"minecraft:diamond_pickaxe":1,"minecraft:shield":1,"minecraft:stick":456,"minecraft:stone_slab":6,"minecraft:iron_ingot":896,"minecraft:iron_pickaxe":5,"minecraft:iron_block":42,"minecraft:stone_sword":2,"minecraft:gold_ingot":520,"minecraft:netherite_ingot":2,"minecraft:composter":5,"minecraft:golden_carrot":249,"minecraft:raw_iron":531,"minecraft:coal":315,"minecraft:netherite_sword":1,"minecraft:tinted_glass":12,"minecraft:furnace":4,"minecraft:blast_furnace":2,"minecraft:yellow_bed":2,"minecraft:diamond_block":16,"minecraft:oak_trapdoor":46,"minecraft:flint_and_steel":1,"minecraft:diamond":144,"minecraft:iron_axe":3,"minecraft:ladder":3,"minecraft:iron_hoe":1,"minecraft:stone_pickaxe":1,"minecraft:diamond_boots":1,"minecraft:redstone_block":15,"minecraft:netherite_scrap":7,"minecraft:minecart":4,"minecraft:wheat":54,"minecraft:cooked_beef":112,"minecraft:sugar":16,"minecraft:coal_block":116,"minecraft:red_dye":1,"minecraft:netherite_pickaxe":1,"minecraft:diamond_sword":1,"minecraft:iron_sword":1,"minecraft:red_bed":1,"minecraft:bucket":6,"minecraft:stone_axe":2,"minecraft:enchanted_book":33,"minecraft:air":0,"minecraft:jungle_planks":40,"minecraft:oak_fence_gate":7,"minecraft:oak_boat":3,"minecraft:golden_apple":14,"minecraft:raw_gold":261,"minecraft:fermented_spider_eye":6,"minecraft:iron_shovel":6,"minecraft:iron_leggings":1,"minecraft:stonecutter":1,"minecraft:anvil":2,"minecraft:white_bed":1,"minecraft:torch":1000,"minecraft:diamond_chestplate":1},"minecraft:dropped":{"minecraft:iron_sword":1,"minecraft:warped_stem":7,"minecraft:porkchop":14,"minecraft:dark_oak_sapling":1,"minecraft:flint":10,"minecraft:dirt":10,"minecraft:gold_nugget":150,"minecraft:sand":5,"minecraft:iron_pickaxe":2,"minecraft:fishing_rod":1,"minecraft:bone":74,"minecraft:gravel":27,"minecraft:stone_axe":2,"minecraft:blackstone":5,"minecraft:golden_chestplate":1,"minecraft:birch_sapling":6,"minecraft:pointed_dripstone":1,"minecraft:rotten_flesh":228,"minecraft:golden_shovel":1,"minecraft:nether_brick_fence":4,"minecraft:carrot":761,"minecraft:leather_chestplate":1,"minecraft:tipped_arrow":3,"minecraft:gunpowder":6,"minecraft:arrow":134,"minecraft:warped_wart_block":19,"minecraft:ghast_tear":4,"minecraft:quartz":36,"minecraft:netherrack":4243,"minecraft:enchanted_book":1,"minecraft:wheat_seeds":5,"minecraft:golden_helmet":1,"minecraft:dripstone_block":5,"minecraft:poisonous_potato":18,"minecraft:golden_axe":2,"minecraft:iron_helmet":1,"minecraft:cobblestone":8,"minecraft:iron_leggings":1,"minecraft:iron_axe":1,"minecraft:iron_shovel":1,"minecraft:spruce_sapling":4,"minecraft:redstone":44,"minecraft:warped_nylium":1,"minecraft:stone_sword":1,"minecraft:raw_copper":14,"minecraft:cocoa_beans":8,"minecraft:tuff":9,"minecraft:raw_iron":4,"minecraft:iron_boots":1,"minecraft:filled_map":2,"minecraft:potato":485,"minecraft:iron_chestplate":1,"minecraft:yellow_bed":1,"minecraft:golden_leggings":1,"minecraft:bow":2,"minecraft:stone_pickaxe":1,"minecraft:wooden_pickaxe":1,"minecraft:magma_block":11},"minecraft:picked_up":{"minecraft:nether_brick_fence":4,"minecraft:smithing_table":2,"minecraft:brewing_stand":2,"minecraft:string":55,"minecraft:soul_soil":98,"minecraft:raw_copper":14,"minecraft:oak_sign":2,"minecraft:smooth_stone":6,"minecraft:gold_nugget":164,"minecraft:cobbled_deepslate":459,"minecraft:cobblestone_slab":183,"minecraft:furnace":1,"minecraft:tipped_arrow":3,"minecraft:golden_helmet":1,"minecraft:stick":103,"minecraft:composter":108,"minecraft:oak_fence":35,"minecraft:torch":65,"minecraft:porkchop":14,"minecraft:golden_axe":2,"minecraft:pointed_dripstone":7,"minecraft:diorite":2,"minecraft:golden_chestplate":1,"minecraft:cauldron":20,"minecraft:rotten_flesh":290,"minecraft:blaze_rod":30,"minecraft:cobblestone":1041,"minecraft:birch_log":71,"minecraft:magma_block":11,"minecraft:cooked_beef":17,"minecraft:andesite":14,"minecraft:jungle_log":14,"minecraft:golden_leggings":1,"minecraft:smoker":4,"minecraft:potato":4345,"minecraft:flint":75,"minecraft:tuff":31,"minecraft:wither_skeleton_skull":2,"minecraft:dirt":1017,"minecraft:bone":137,"minecraft:bow":2,"minecraft:stonecutter":6,"minecraft:wheat_seeds":6,"minecraft:raw_gold":410,"minecraft:bamboo":9,"minecraft:oak_planks":30,"minecraft:ghast_tear":4,"minecraft:warped_wart_block":19,"minecraft:poisonous_potato":18,"minecraft:sand":103,"minecraft:jungle_planks":17,"minecraft:ink_sac":2,"minecraft:diamond":134,"minecraft:granite":2,"minecraft:oak_sapling":124,"minecraft:netherrack":6132,"minecraft:cocoa_beans":8,"minecraft:crafting_table":20,"minecraft:brown_mushroom":30,"minecraft:gold_block":1,"minecraft:red_bed":25,"minecraft:oak_trapdoor":12,"minecraft:blackstone":118,"minecraft:beef":129,"minecraft:oak_boat":24,"minecraft:poppy":1,"minecraft:minecart":52,"minecraft:lectern":1653,"minecraft:tinted_glass":1,"minecraft:sugar_cane":848,"minecraft:chest":1,"minecraft:birch_sapling":6,"minecraft:phantom_membrane":5,"minecraft:egg":1,"minecraft:dark_oak_sapling":1,"minecraft:raw_iron":582,"minecraft:carrot":4985,"minecraft:redstone":180,"minecraft:arrow":163,"minecraft:hay_block":8,"minecraft:mutton":4,"minecraft:rail":302,"minecraft:white_wool":3,"minecraft:glow_ink_sac":86,"minecraft:salmon":14,"minecraft:leather":74,"minecraft:birch_planks":3,"minecraft:oak_log":525,"minecraft:ancient_debris":4,"minecraft:cobblestone_wall":21,"minecraft:yellow_bed":28,"minecraft:gunpowder":59,"minecraft:apple":18,"minecraft:warped_stem":7,"minecraft:iron_ingot":5,"minecraft:oak_fence_gate":7,"minecraft:glass_bottle":1,"minecraft:soul_sand":50,"minecraft:book":36,"minecraft:oak_slab":12,"minecraft:smooth_basalt":1,"minecraft:quartz":88,"minecraft:dandelion":3,"minecraft:raw_iron_block":3,"minecraft:dripstone_block":9,"minecraft:gravel":547,"minecraft:lava_bucket":1,"minecraft:amethyst_shard":24,"minecraft:spruce_sapling":58,"minecraft:blast_furnace":4,"minecraft:white_bed":6,"minecraft:spruce_log":213,"minecraft:spider_eye":42,"minecraft:stone_axe":1,"minecraft:warped_roots":2,"minecraft:warped_nylium":3,"minecraft:coal":1249,"minecraft:hopper":1,"minecraft:ender_pearl":19},"minecraft:used":{"minecraft:iron_shovel":1450,"minecraft:ladder":3,"minecraft:oak_sign":13,"minecraft:chest":15,"minecraft:shield":30,"minecraft:iron_sword":191,"minecraft:carrot":1287,"minecraft:deepslate_tile_slab":104,"minecraft:tuff":22,"minecraft:obsidian":5,"minecraft:lava_bucket":30,"minecraft:warped_nylium":2,"minecraft:bow":82,"minecraft:oak_sapling":124,"minecraft:furnace":2,"minecraft:egg":1,"minecraft:potato":1087,"minecraft:golden_boots":1,"minecraft:diorite":2,"minecraft:diamond_boots":2,"minecraft:stone_pickaxe":31,"minecraft:oak_planks":34,"minecraft:ender_pearl":1,"minecraft:wooden_pickaxe":6,"minecraft:leather_chestplate":1,"minecraft:composter":112,"minecraft:sugar_cane":78,"minecraft:diamond_axe":1955,"minecraft:blast_furnace":6,"minecraft:dripstone_block":4,"minecraft:bread":3,"minecraft:lectern":1667,"minecraft:gravel":508,"minecraft:diamond_sword":825,"minecraft:grindstone":1,"minecraft:smithing_table":5,"minecraft:andesite":1,"minecraft:oak_boat":25,"minecraft:oak_fence":46,"minecraft:oak_trapdoor":49,"minecraft:netherite_sword":3,"minecraft:stone_sword":228,"minecraft:flint_and_steel":1,"minecraft:tinted_glass":1,"minecraft:stone_hoe":97,"minecraft:netherrack":1881,"minecraft:torch":1051,"minecraft:brewing_stand":2,"minecraft:dirt":878,"minecraft:anvil":2,"minecraft:hopper":5,"minecraft:cobblestone_wall":115,"minecraft:golden_shovel":23,"minecraft:granite":2,"minecraft:oak_fence_gate":11,"minecraft:iron_hoe":250,"minecraft:bookshelf":12,"minecraft:iron_axe":640,"minecraft:smooth_basalt":1,"minecraft:bamboo":9,"minecraft:golden_carrot":141,"minecraft:soul_soil":46,"minecraft:netherite_pickaxe":243,"minecraft:minecart":52,"minecraft:cooked_beef":127,"minecraft:cobbled_deepslate":378,"minecraft:pointed_dripstone":6,"minecraft:wheat_seeds":1,"minecraft:cooked_mutton":4,"minecraft:water_bucket":31,"minecraft:birch_planks":3,"minecraft:glass_bottle":6,"minecraft:cauldron":26,"minecraft:stonecutter":7,"minecraft:glow_ink_sac":8,"minecraft:cobblestone_slab":197,"minecraft:warped_roots":1,"minecraft:rail":362,"minecraft:oak_slab":48,"minecraft:crafting_table":23,"minecraft:red_bed":25,"minecraft:white_bed":4,"minecraft:spruce_log":5,"minecraft:smoker":5,"minecraft:oak_log":138,"minecraft:diamond_pickaxe":9119,"minecraft:diamond_shovel":669,"minecraft:iron_pickaxe":1175,"minecraft:map":2,"minecraft:spruce_sapling":54,"minecraft:stone_axe":199,"minecraft:cobblestone":258,"minecraft:bucket":85,"minecraft:yellow_bed":29,"minecraft:splash_potion":6},"minecraft:killed":{"minecraft:cave_spider":3,"minecraft:witch":1,"minecraft:spider":22,"minecraft:skeleton":53,"minecraft:piglin_brute":6,"minecraft:piglin":32,"minecraft:zombie_villager":2,"minecraft:salmon":14,"minecraft:creeper":29,"minecraft:sheep":3,"minecraft:zombie":157,"minecraft:stray":1,"minecraft:ghast":12,"minecraft:glow_squid":21,"minecraft:blaze":25,"minecraft:cow":67,"minecraft:phantom":2,"minecraft:horse":1,"minecraft:drowned":5,"minecraft:hoglin":11,"minecraft:wither_skeleton":19,"minecraft:enderman":12},"minecraft:broken":{"minecraft:iron_shovel":5,"minecraft:stone_axe":1,"minecraft:iron_hoe":1,"minecraft:stone_sword":1,"minecraft:iron_axe":2,"minecraft:iron_pickaxe":3},"minecraft:mined":{"minecraft:white_bed":6,"minecraft:oak_sapling":2,"minecraft:farmland":20,"minecraft:jungle_leaves":2,"minecraft:brewing_stand":2,"minecraft:granite":2,"minecraft:grass_block":654,"minecraft:jungle_log":14,"minecraft:soul_soil":120,"minecraft:composter":108,"minecraft:hopper":1,"minecraft:oak_wall_sign":2,"minecraft:smooth_stone":6,"minecraft:raw_iron_block":3,"minecraft:magma_block":20,"minecraft:iron_ore":132,"minecraft:cobbled_deepslate":101,"minecraft:fire":53,"minecraft:pointed_dripstone":6,"minecraft:dirt_path":1,"minecraft:deepslate_redstone_ore":21,"minecraft:brown_mushroom":30,"minecraft:red_bed":25,"minecraft:blackstone":118,"minecraft:smoker":4,"minecraft:soul_fire":4,"minecraft:amethyst_cluster":3,"minecraft:torch":29,"minecraft:blast_furnace":4,"minecraft:poppy":1,"minecraft:chest":1,"minecraft:nether_quartz_ore":36,"minecraft:cobblestone":121,"minecraft:oak_planks":30,"minecraft:sugar_cane":523,"minecraft:wall_torch":23,"minecraft:cauldron":16,"minecraft:deepslate_copper_ore":1,"minecraft:warped_nylium":1,"minecraft:tinted_glass":1,"minecraft:birch_log":71,"minecraft:wheat":1,"minecraft:lava_cauldron":4,"minecraft:grass":38,"minecraft:oak_log":525,"minecraft:oak_fence_gate":7,"minecraft:sand":101,"minecraft:dirt":352,"minecraft:smooth_basalt":1,"minecraft:stonecutter":6,"minecraft:netherrack":6194,"minecraft:ancient_debris":4,"minecraft:oak_leaves":109,"minecraft:deepslate":359,"minecraft:nether_gold_ore":19,"minecraft:tuff":33,"minecraft:dark_oak_leaves":1,"minecraft:deepslate_diamond_ore":67,"minecraft:glow_lichen":1,"minecraft:spruce_leaves":70,"minecraft:hay_block":8,"minecraft:oak_trapdoor":12,"minecraft:furnace":1,"minecraft:carrots":1115,"minecraft:andesite":14,"minecraft:gold_block":1,"minecraft:nether_brick_fence":4,"minecraft:bookshelf":12,"minecraft:potatoes":956,"minecraft:deepslate_iron_ore":172,"minecraft:cobblestone_slab":188,"minecraft:vine":1,"minecraft:rail":231,"minecraft:warped_stem":8,"minecraft:bamboo":1,"minecraft:stone":911,"minecraft:smithing_table":2,"minecraft:oak_slab":11,"minecraft:soul_sand":50,"minecraft:dandelion":2,"minecraft:oak_fence":40,"minecraft:crafting_table":20,"minecraft:lectern":1653,"minecraft:copper_ore":6,"minecraft:tall_grass":3,"minecraft:deepslate_gold_ore":171,"minecraft:diorite":3,"minecraft:warped_wart_block":20,"minecraft:birch_planks":3,"minecraft:cobblestone_wall":27,"minecraft:ice":1,"minecraft:spruce_log":214,"minecraft:birch_leaves":7,"minecraft:yellow_bed":28,"minecraft:coal_ore":584,"minecraft:gravel":607,"minecraft:gold_ore":16,"minecraft:fern":1},"minecraft:custom":{"minecraft:animals_bred":3,"minecraft:interact_with_crafting_table":284,"minecraft:leave_game":20,"minecraft:time_since_death":2022860,"minecraft:sprint_one_cm":6704485,"minecraft:damage_blocked_by_shield":745,"minecraft:drop":301,"minecraft:talked_to_villager":3384,"minecraft:play_time":2022860,"minecraft:jump":40778,"minecraft:interact_with_brewingstand":27,"minecraft:walk_on_water_one_cm":140334,"minecraft:interact_with_furnace":55,"minecraft:traded_with_villager":1964,"minecraft:sleep_in_bed":60,"minecraft:damage_dealt":83952,"minecraft:crouch_one_cm":263136,"minecraft:interact_with_smoker":62,"minecraft:use_cauldron":29,"minecraft:interact_with_smithing_table":14,"minecraft:interact_with_anvil":40,"minecraft:mob_kills":507,"minecraft:inspect_hopper":2,"minecraft:climb_one_cm":10807,"minecraft:walk_one_cm":5336569,"minecraft:sneak_time":59231,"minecraft:walk_under_water_one_cm":72418,"minecraft:boat_one_cm":159077,"minecraft:interact_with_blast_furnace":196,"minecraft:total_world_time":2022860,"minecraft:interact_with_grindstone":2,"minecraft:interact_with_stonecutter":11,"minecraft:time_since_rest":196941,"minecraft:damage_taken":9189,"minecraft:swim_one_cm":174782,"minecraft:fly_one_cm":9082225,"minecraft:open_chest":1202,"minecraft:fall_one_cm":1074634}},"DataVersion":3465}