{"stats":{"minecraft:crafted":{"minecraft:cooked_beef":86,"minecraft:red_dye":1,"minecraft:oak_planks":64,"minecraft:cauldron":2,"minecraft:crafting_table":2,"minecraft:wooden_pickaxe":1,"minecraft:red_bed":1,"minecraft:furnace":1,"minecraft:bucket":2,"minecraft:hay_block":3,"minecraft:birch_planks":40,"minecraft:stone_axe":2,"minecraft:air":0,"minecraft:jungle_planks":40,"minecraft:oak_boat":1,"minecraft:shield":1,"minecraft:stick":52,"minecraft:iron_ingot":66,"minecraft:iron_pickaxe":1,"minecraft:stone_pickaxe":1,"minecraft:stone_sword":2,"minecraft:chest":6,"minecraft:white_bed":1,"minecraft:torch":52,"minecraft:smoker":1},"minecraft:dropped":{"minecraft:gravel":3,"minecraft:wheat_seeds":2,"minecraft:raw_copper":14,"minecraft:cocoa_beans":8,"minecraft:dripstone_block":5,"minecraft:dark_oak_sapling":1,"minecraft:pointed_dripstone":1,"minecraft:rotten_flesh":10,"minecraft:flint":1,"minecraft:filled_map":2,"minecraft:wooden_pickaxe":1,"minecraft:stone_pickaxe":1,"minecraft:fishing_rod":1},"minecraft:picked_up":{"minecraft:birch_log":10,"minecraft:cocoa_beans":8,"minecraft:crafting_table":5,"minecraft:andesite":1,"minecraft:jungle_log":14,"minecraft:leather":58,"minecraft:smoker":2,"minecraft:potato":1,"minecraft:flint":2,"minecraft:oak_log":62,"minecraft:gunpowder":1,"minecraft:dirt":24,"minecraft:red_bed":4,"minecraft:raw_copper":14,"minecraft:bone":4,"minecraft:apple":3,"minecraft:wheat_seeds":3,"minecraft:raw_gold":5,"minecraft:iron_ingot":1,"minecraft:beef":103,"minecraft:oak_boat":11,"minecraft:poppy":1,"minecraft:bamboo":9,"minecraft:sugar_cane":9,"minecraft:oak_planks":8,"minecraft:egg":1,"minecraft:raw_iron":70,"minecraft:dark_oak_sapling":1,"minecraft:stick":9,"minecraft:composter":2,"minecraft:torch":3,"minecraft:dripstone_block":6,"minecraft:gravel":7,"minecraft:jungle_planks":17,"minecraft:sand":4,"minecraft:pointed_dripstone":7,"minecraft:blast_furnace":2,"minecraft:carrot":1,"minecraft:arrow":5,"minecraft:rotten_flesh":10,"minecraft:hay_block":8,"minecraft:oak_sapling":22,"minecraft:cobblestone":64,"minecraft:mutton":4,"minecraft:coal":26,"minecraft:white_wool":3},"minecraft:used":{"minecraft:golden_boots":1,"minecraft:wheat_seeds":1,"minecraft:stone_sword":181,"minecraft:stone_pickaxe":31,"minecraft:oak_planks":8,"minecraft:chest":6,"minecraft:leather_chestplate":1,"minecraft:wooden_pickaxe":6,"minecraft:cauldron":2,"minecraft:torch":52,"minecraft:dirt":9,"minecraft:crafting_table":6,"minecraft:red_bed":5,"minecraft:blast_furnace":2,"minecraft:dripstone_block":1,"minecraft:smoker":3,"minecraft:lava_bucket":2,"minecraft:iron_pickaxe":143,"minecraft:map":2,"minecraft:gravel":4,"minecraft:bamboo":9,"minecraft:stone_axe":122,"minecraft:cobblestone":27,"minecraft:oak_sapling":22,"minecraft:bucket":4,"minecraft:oak_boat":12,"minecraft:egg":1,"minecraft:cooked_beef":35,"minecraft:pointed_dripstone":6},"minecraft:killed":{"minecraft:creeper":1,"minecraft:sheep":3,"minecraft:skeleton":4,"minecraft:zombie":7,"minecraft:drowned":5,"minecraft:cow":54},"minecraft:broken":{"minecraft:stone_axe":1,"minecraft:stone_sword":1},"minecraft:mined":{"minecraft:oak_sapling":1,"minecraft:red_bed":4,"minecraft:dark_oak_leaves":1,"minecraft:smoker":2,"minecraft:jungle_leaves":2,"minecraft:crafting_table":5,"minecraft:torch":3,"minecraft:blast_furnace":2,"minecraft:grass_block":8,"minecraft:poppy":1,"minecraft:jungle_log":14,"minecraft:oak_planks":8,"minecraft:cobblestone":8,"minecraft:deepslate_gold_ore":5,"minecraft:copper_ore":6,"minecraft:tall_grass":3,"minecraft:composter":2,"minecraft:sugar_cane":3,"minecraft:hay_block":8,"minecraft:carrots":1,"minecraft:iron_ore":60,"minecraft:birch_log":10,"minecraft:wheat":1,"minecraft:andesite":1,"minecraft:birch_leaves":7,"minecraft:deepslate_iron_ore":10,"minecraft:pointed_dripstone":6,"minecraft:grass":16,"minecraft:potatoes":1,"minecraft:oak_log":62,"minecraft:coal_ore":26,"minecraft:vine":1,"minecraft:gravel":5,"minecraft:dirt":24,"minecraft:sand":2,"minecraft:bamboo":1,"minecraft:stone":52,"minecraft:oak_leaves":21,"minecraft:fern":1},"minecraft:custom":{"minecraft:mob_kills":74,"minecraft:animals_bred":1,"minecraft:interact_with_crafting_table":25,"minecraft:leave_game":1,"minecraft:time_since_death":210511,"minecraft:sleep_in_bed":5,"minecraft:climb_one_cm":9391,"minecraft:time_since_rest":0,"minecraft:sprint_one_cm":519723,"minecraft:damage_taken":2143,"minecraft:walk_one_cm":314840,"minecraft:drop":23,"minecraft:damage_dealt":8894,"minecraft:swim_one_cm":63366,"minecraft:talked_to_villager":1,"minecraft:fly_one_cm":983490,"minecraft:open_chest":22,"minecraft:crouch_one_cm":4958,"minecraft:play_time":210511,"minecraft:sneak_time":1796,"minecraft:walk_under_water_one_cm":32894,"minecraft:boat_one_cm":134899,"minecraft:jump":4858,"minecraft:interact_with_blast_furnace":10,"minecraft:walk_on_water_one_cm":21676,"minecraft:total_world_time":210511,"minecraft:interact_with_smoker":28,"minecraft:fall_one_cm":166437}},"DataVersion":3465}