{"stats":{"minecraft:crafted":{"minecraft:cooked_beef":77,"minecraft:red_dye":1,"minecraft:oak_planks":24,"minecraft:crafting_table":1,"minecraft:wooden_pickaxe":1,"minecraft:red_bed":1,"minecraft:furnace":1,"minecraft:hay_block":3,"minecraft:birch_planks":40,"minecraft:stone_axe":1,"minecraft:air":0,"minecraft:jungle_planks":40,"minecraft:oak_boat":1,"minecraft:stick":52,"minecraft:iron_ingot":3,"minecraft:iron_pickaxe":1,"minecraft:stone_pickaxe":1,"minecraft:stone_sword":1,"minecraft:chest":4,"minecraft:white_bed":1,"minecraft:smoker":1},"minecraft:dropped":{"minecraft:wheat_seeds":2,"minecraft:raw_copper":5,"minecraft:cocoa_beans":8,"minecraft:dark_oak_sapling":1,"minecraft:rotten_flesh":6,"minecraft:filled_map":2,"minecraft:wooden_pickaxe":1,"minecraft:stone_pickaxe":1,"minecraft:fishing_rod":1},"minecraft:picked_up":{"minecraft:birch_log":10,"minecraft:cocoa_beans":8,"minecraft:crafting_table":3,"minecraft:jungle_log":14,"minecraft:leather":58,"minecraft:smoker":2,"minecraft:potato":1,"minecraft:oak_log":62,"minecraft:dirt":21,"minecraft:red_bed":2,"minecraft:raw_copper":5,"minecraft:apple":3,"minecraft:wheat_seeds":3,"minecraft:beef":103,"minecraft:oak_boat":9,"minecraft:poppy":1,"minecraft:bamboo":9,"minecraft:sugar_cane":9,"minecraft:dark_oak_sapling":1,"minecraft:stick":9,"minecraft:composter":2,"minecraft:jungle_planks":17,"minecraft:sand":4,"minecraft:blast_furnace":1,"minecraft:carrot":1,"minecraft:rotten_flesh":6,"minecraft:hay_block":8,"minecraft:oak_sapling":22,"minecraft:cobblestone":30,"minecraft:mutton":4,"minecraft:coal":2,"minecraft:white_wool":3},"minecraft:used":{"minecraft:golden_boots":1,"minecraft:wheat_seeds":1,"minecraft:stone_sword":140,"minecraft:stone_pickaxe":31,"minecraft:chest":4,"minecraft:leather_chestplate":1,"minecraft:wooden_pickaxe":6,"minecraft:dirt":6,"minecraft:crafting_table":4,"minecraft:red_bed":2,"minecraft:blast_furnace":1,"minecraft:smoker":3,"minecraft:map":2,"minecraft:bamboo":9,"minecraft:stone_axe":105,"minecraft:oak_sapling":22,"minecraft:oak_boat":9,"minecraft:cooked_beef":26},"minecraft:killed":{"minecraft:sheep":3,"minecraft:zombie":1,"minecraft:drowned":5,"minecraft:cow":54},"minecraft:mined":{"minecraft:oak_sapling":1,"minecraft:red_bed":2,"minecraft:dark_oak_leaves":1,"minecraft:smoker":2,"minecraft:jungle_leaves":2,"minecraft:crafting_table":3,"minecraft:blast_furnace":1,"minecraft:grass_block":7,"minecraft:poppy":1,"minecraft:jungle_log":14,"minecraft:copper_ore":1,"minecraft:tall_grass":3,"minecraft:composter":2,"minecraft:sugar_cane":3,"minecraft:hay_block":8,"minecraft:carrots":1,"minecraft:birch_log":10,"minecraft:wheat":1,"minecraft:birch_leaves":7,"minecraft:grass":15,"minecraft:potatoes":1,"minecraft:oak_log":62,"minecraft:coal_ore":2,"minecraft:vine":1,"minecraft:dirt":22,"minecraft:sand":2,"minecraft:bamboo":1,"minecraft:stone":30,"minecraft:oak_leaves":21,"minecraft:fern":1},"minecraft:custom":{"minecraft:mob_kills":63,"minecraft:animals_bred":1,"minecraft:interact_with_crafting_table":16,"minecraft:leave_game":1,"minecraft:time_since_death":174511,"minecraft:sleep_in_bed":2,"minecraft:climb_one_cm":9391,"minecraft:time_since_rest":6345,"minecraft:sprint_one_cm":402093,"minecraft:damage_taken":1364,"minecraft:walk_one_cm":215457,"minecraft:drop":14,"minecraft:damage_dealt":6705,"minecraft:swim_one_cm":58097,"minecraft:talked_to_villager":1,"minecraft:fly_one_cm":809108,"minecraft:open_chest":14,"minecraft:crouch_one_cm":779,"minecraft:play_time":174511,"minecraft:sneak_time":590,"minecraft:walk_under_water_one_cm":26314,"minecraft:boat_one_cm":125949,"minecraft:jump":3803,"minecraft:walk_on_water_one_cm":14284,"minecraft:total_world_time":174511,"minecraft:interact_with_smoker":24,"minecraft:fall_one_cm":122799}},"DataVersion":3465}