{"stats":{"minecraft:crafted":{"minecraft:oak_planks":104,"minecraft:cobblestone_slab":264,"minecraft:stone_shovel":1,"minecraft:furnace":2,"minecraft:spruce_fence":69,"minecraft:cooked_mutton":5,"minecraft:flint_and_steel":1,"minecraft:hopper":3,"minecraft:iron_boots":1,"minecraft:iron_axe":2,"minecraft:iron_hoe":1,"minecraft:spruce_slab":18,"minecraft:stone_pickaxe":3,"minecraft:chest":17,"minecraft:rail":48,"minecraft:stone_hoe":2,"minecraft:golden_boots":1,"minecraft:minecart":2,"minecraft:smoker":1,"minecraft:cooked_beef":29,"minecraft:spruce_sign":3,"minecraft:crafting_table":2,"minecraft:spruce_planks":344,"minecraft:iron_helmet":1,"minecraft:wooden_pickaxe":1,"minecraft:baked_potato":117,"minecraft:iron_sword":1,"minecraft:hopper_minecart":1,"minecraft:bucket":1,"minecraft:stone_axe":1,"minecraft:air":0,"minecraft:spruce_trapdoor":8,"minecraft:iron_chestplate":1,"minecraft:diamond_pickaxe":1,"minecraft:shield":1,"minecraft:stick":168,"minecraft:iron_ingot":129,"minecraft:iron_pickaxe":8,"minecraft:iron_shovel":4,"minecraft:iron_leggings":1,"minecraft:gold_ingot":10,"minecraft:white_bed":1,"minecraft:composter":2,"minecraft:spruce_fence_gate":2,"minecraft:torch":340},"minecraft:killed_by":{"minecraft:player":1},"minecraft:dropped":{"minecraft:wheat_seeds":22,"minecraft:cobblestone":3,"minecraft:granite":9,"minecraft:sand":4,"minecraft:stone_axe":1,"minecraft:cobbled_deepslate":1,"minecraft:stone_shovel":1,"minecraft:wooden_pickaxe":1,"minecraft:stone_pickaxe":2},"minecraft:picked_up":{"minecraft:crafting_table":18,"minecraft:wheat":29,"minecraft:white_carpet":3,"minecraft:cobbled_deepslate":13,"minecraft:spruce_planks":10,"minecraft:beef":29,"minecraft:cobblestone_slab":7,"minecraft:spruce_slab":2,"minecraft:minecart":3,"minecraft:sugar_cane":470,"minecraft:furnace":8,"minecraft:egg":2,"minecraft:stick":33,"minecraft:raw_iron":161,"minecraft:composter":52,"minecraft:torch":24,"minecraft:spruce_fence":18,"minecraft:porkchop":14,"minecraft:carrot":473,"minecraft:rotten_flesh":16,"minecraft:arrow":5,"minecraft:stone_shovel":1,"minecraft:rail":15,"minecraft:obsidian":10,"minecraft:mutton":5,"minecraft:cobblestone":1784,"minecraft:white_wool":3,"minecraft:andesite":4,"minecraft:salmon":12,"minecraft:leather":10,"minecraft:smoker":2,"minecraft:potato":884,"minecraft:flint":1,"minecraft:nether_wart_block":1,"minecraft:oak_log":26,"minecraft:gunpowder":5,"minecraft:dirt":1037,"minecraft:blue_bed":1,"minecraft:bone":7,"minecraft:apple":1,"minecraft:stonecutter":2,"minecraft:wheat_seeds":94,"minecraft:raw_gold":10,"minecraft:bell":1,"minecraft:stone_pickaxe":1,"minecraft:warped_fungus":2,"minecraft:pumpkin":21,"minecraft:sweet_berries":5,"minecraft:poisonous_potato":1,"minecraft:gravel":16,"minecraft:sand":4,"minecraft:spruce_sapling":29,"minecraft:blast_furnace":1,"minecraft:white_bed":6,"minecraft:spruce_log":122,"minecraft:purple_bed":4,"minecraft:diamond":9,"minecraft:granite":9,"minecraft:bone_meal":1,"minecraft:oak_sapling":7,"minecraft:netherrack":62,"minecraft:coal":342},"minecraft:used":{"minecraft:flint_and_steel":1,"minecraft:iron_shovel":848,"minecraft:spruce_slab":5,"minecraft:stone_shovel":131,"minecraft:chest":14,"minecraft:spruce_planks":19,"minecraft:shield":5,"minecraft:iron_sword":20,"minecraft:bell":1,"minecraft:stone_hoe":282,"minecraft:rotten_flesh":2,"minecraft:netherrack":24,"minecraft:torch":328,"minecraft:dirt":648,"minecraft:white_carpet":3,"minecraft:hopper":2,"minecraft:carrot":295,"minecraft:spruce_fence":87,"minecraft:obsidian":10,"minecraft:iron_hoe":74,"minecraft:lava_bucket":1,"minecraft:iron_axe":294,"minecraft:iron_boots":1,"minecraft:hopper_minecart":1,"minecraft:sweet_berries":5,"minecraft:furnace":9,"minecraft:minecart":3,"minecraft:egg":2,"minecraft:potato":414,"minecraft:cooked_beef":29,"minecraft:cobbled_deepslate":12,"minecraft:iron_leggings":1,"minecraft:golden_boots":1,"minecraft:wheat_seeds":39,"minecraft:cooked_mutton":5,"minecraft:water_bucket":69,"minecraft:baked_potato":15,"minecraft:stone_pickaxe":275,"minecraft:sugar_cane":103,"minecraft:blue_bed":1,"minecraft:wooden_pickaxe":10,"minecraft:spruce_sign":1,"minecraft:composter":47,"minecraft:spruce_fence_gate":2,"minecraft:cobblestone_slab":96,"minecraft:stonecutter":2,"minecraft:rail":45,"minecraft:crafting_table":20,"minecraft:blast_furnace":1,"minecraft:white_bed":6,"minecraft:smoker":3,"minecraft:diamond_pickaxe":16,"minecraft:apple":1,"minecraft:iron_pickaxe":1910,"minecraft:spruce_trapdoor":9,"minecraft:spruce_sapling":24,"minecraft:gravel":11,"minecraft:stone_axe":82,"minecraft:nether_wart_block":1,"minecraft:cobblestone":116,"minecraft:purple_bed":4,"minecraft:andesite":4,"minecraft:bucket":70},"minecraft:killed":{"minecraft:skeleton":5,"minecraft:pig":6,"minecraft:zombie_villager":1,"minecraft:salmon":12,"minecraft:creeper":5,"minecraft:sheep":3,"minecraft:zombie":17,"minecraft:cow":14},"minecraft:broken":{"minecraft:iron_shovel":3,"minecraft:stone_hoe":2,"minecraft:stone_pickaxe":2,"minecraft:iron_axe":1,"minecraft:iron_pickaxe":7,"minecraft:stone_shovel":1},"minecraft:mined":{"minecraft:diamond_ore":1,"minecraft:spruce_planks":10,"minecraft:white_bed":6,"minecraft:deepslate_diamond_ore":8,"minecraft:obsidian":10,"minecraft:spruce_trapdoor":1,"minecraft:granite":9,"minecraft:grass_block":519,"minecraft:spruce_fence":18,"minecraft:spruce_leaves":57,"minecraft:composter":52,"minecraft:spruce_sapling":4,"minecraft:furnace":8,"minecraft:carrots":129,"minecraft:iron_ore":120,"minecraft:andesite":4,"minecraft:pumpkin":21,"minecraft:bell":1,"minecraft:potatoes":259,"minecraft:cave_vines":1,"minecraft:deepslate_iron_ore":9,"minecraft:cobblestone_slab":7,"minecraft:rail":16,"minecraft:stone":1749,"minecraft:spruce_slab":2,"minecraft:crimson_nylium":2,"minecraft:smoker":2,"minecraft:crafting_table":18,"minecraft:torch":11,"minecraft:blast_furnace":1,"minecraft:cobblestone":26,"minecraft:sugar_cane":301,"minecraft:wall_torch":5,"minecraft:blue_bed":1,"minecraft:purple_bed":5,"minecraft:nether_wart_block":1,"minecraft:wheat":32,"minecraft:sweet_berry_bush":2,"minecraft:ice":9,"minecraft:white_carpet":3,"minecraft:spruce_log":122,"minecraft:warped_fungus":2,"minecraft:grass":1,"minecraft:oak_log":26,"minecraft:coal_ore":141,"minecraft:sand":2,"minecraft:gravel":8,"minecraft:dirt":492,"minecraft:stonecutter":2,"minecraft:netherrack":60,"minecraft:gold_ore":10,"minecraft:oak_leaves":8,"minecraft:deepslate":13,"minecraft:fern":2},"minecraft:custom":{"minecraft:mob_kills":63,"minecraft:animals_bred":2,"minecraft:interact_with_crafting_table":94,"minecraft:bell_ring":65,"minecraft:leave_game":8,"minecraft:time_since_death":326947,"minecraft:climb_one_cm":2168,"minecraft:sprint_one_cm":1034937,"minecraft:walk_one_cm":1353579,"minecraft:damage_blocked_by_shield":345,"minecraft:drop":13,"minecraft:talked_to_villager":8,"minecraft:play_time":330021,"minecraft:sneak_time":11416,"minecraft:deaths":1,"minecraft:walk_under_water_one_cm":64318,"minecraft:jump":6650,"minecraft:interact_with_blast_furnace":13,"minecraft:walk_on_water_one_cm":59769,"minecraft:total_world_time":330021,"minecraft:interact_with_furnace":42,"minecraft:interact_with_stonecutter":2,"minecraft:sleep_in_bed":17,"minecraft:time_since_rest":31975,"minecraft:damage_taken":2466,"minecraft:damage_dealt":8015,"minecraft:swim_one_cm":44877,"minecraft:fly_one_cm":1295043,"minecraft:open_chest":123,"minecraft:crouch_one_cm":33178,"minecraft:interact_with_smoker":21,"minecraft:fall_one_cm":199502}},"DataVersion":3465}