{"stats":{"minecraft:crafted":{"minecraft:cooked_beef":45,"minecraft:oak_boat":1,"minecraft:oak_planks":20,"minecraft:crafting_table":1,"minecraft:stick":8,"minecraft:wooden_pickaxe":1,"minecraft:stone_pickaxe":1,"minecraft:stone_sword":1,"minecraft:furnace":1,"minecraft:white_bed":1,"minecraft:stone_axe":1,"minecraft:air":0,"minecraft:smoker":1,"minecraft:jungle_planks":40},"minecraft:dropped":{"minecraft:wheat_seeds":1,"minecraft:cocoa_beans":8,"minecraft:dark_oak_sapling":1,"minecraft:rotten_flesh":1},"minecraft:picked_up":{"minecraft:dark_oak_sapling":1,"minecraft:cocoa_beans":8,"minecraft:crafting_table":3,"minecraft:jungle_log":14,"minecraft:leather":26,"minecraft:smoker":2,"minecraft:jungle_planks":17,"minecraft:oak_log":5,"minecraft:dirt":15,"minecraft:rotten_flesh":1,"minecraft:wheat_seeds":1,"minecraft:beef":45,"minecraft:oak_boat":1,"minecraft:white_wool":3,"minecraft:bamboo":9,"minecraft:oak_sapling":1,"minecraft:mutton":4,"minecraft:sugar_cane":3,"minecraft:cobblestone":30},"minecraft:used":{"minecraft:stone_sword":54,"minecraft:stone_pickaxe":27,"minecraft:wooden_pickaxe":6,"minecraft:stone_axe":32,"minecraft:crafting_table":3,"minecraft:oak_sapling":1,"minecraft:oak_boat":1,"minecraft:cooked_beef":6,"minecraft:smoker":2},"minecraft:killed":{"minecraft:sheep":3,"minecraft:zombie":1,"minecraft:drowned":2,"minecraft:cow":23},"minecraft:mined":{"minecraft:smoker":2,"minecraft:jungle_leaves":1,"minecraft:birch_leaves":3,"minecraft:crafting_table":3,"minecraft:grass":8,"minecraft:grass_block":3,"minecraft:oak_log":5,"minecraft:vine":1,"minecraft:jungle_log":14,"minecraft:dirt":12,"minecraft:tall_grass":3,"minecraft:bamboo":1,"minecraft:stone":30,"minecraft:sugar_cane":1,"minecraft:oak_leaves":2},"minecraft:custom":{"minecraft:time_since_rest":36511,"minecraft:sprint_one_cm":91014,"minecraft:damage_taken":345,"minecraft:walk_one_cm":81938,"minecraft:mob_kills":29,"minecraft:drop":5,"minecraft:damage_dealt":3138,"minecraft:swim_one_cm":15782,"minecraft:interact_with_crafting_table":8,"minecraft:fly_one_cm":156957,"minecraft:crouch_one_cm":309,"minecraft:play_time":36511,"minecraft:sneak_time":206,"minecraft:walk_under_water_one_cm":7877,"minecraft:boat_one_cm":41664,"minecraft:jump":961,"minecraft:leave_game":1,"minecraft:walk_on_water_one_cm":2936,"minecraft:time_since_death":36511,"minecraft:interact_with_smoker":22,"minecraft:climb_one_cm":1775,"minecraft:total_world_time":36511,"minecraft:fall_one_cm":26060}},"DataVersion":3465}