{"stats":{"minecraft:crafted":{"minecraft:stone_sword":1,"minecraft:furnace":1,"minecraft:stone_axe":1,"minecraft:crafting_table":1,"minecraft:stick":8,"minecraft:stone_pickaxe":1,"minecraft:wooden_pickaxe":1,"minecraft:jungle_planks":36},"minecraft:dropped":{"minecraft:cocoa_beans":8,"minecraft:dark_oak_sapling":1},"minecraft:picked_up":{"minecraft:crafting_table":1,"minecraft:dark_oak_sapling":1,"minecraft:cocoa_beans":8,"minecraft:jungle_log":9,"minecraft:oak_sapling":1,"minecraft:dirt":14,"minecraft:cobblestone":18},"minecraft:used":{"minecraft:stone_axe":1,"minecraft:crafting_table":1,"minecraft:oak_sapling":1,"minecraft:stone_pickaxe":12,"minecraft:wooden_pickaxe":6},"minecraft:mined":{"minecraft:grass":3,"minecraft:grass_block":3,"minecraft:jungle_log":9,"minecraft:dirt":11,"minecraft:jungle_leaves":1,"minecraft:stone":18,"minecraft:birch_leaves":3,"minecraft:crafting_table":1,"minecraft:oak_leaves":2},"minecraft:custom":{"minecraft:time_since_rest":16863,"minecraft:crouch_one_cm":3,"minecraft:play_time":16863,"minecraft:sprint_one_cm":26002,"minecraft:damage_taken":165,"minecraft:walk_one_cm":39582,"minecraft:sneak_time":3,"minecraft:drop":3,"minecraft:jump":315,"minecraft:leave_game":1,"minecraft:time_since_death":16863,"minecraft:walk_on_water_one_cm":116,"minecraft:total_world_time":16863,"minecraft:climb_one_cm":1096,"minecraft:interact_with_crafting_table":4,"minecraft:fall_one_cm":10146,"minecraft:fly_one_cm":38890}},"DataVersion":3465}