{"stats":{"minecraft:crafted":{"minecraft:cooked_beef":17,"minecraft:crafting_table":1,"minecraft:stick":8,"minecraft:wooden_pickaxe":1,"minecraft:stone_pickaxe":1,"minecraft:stone_sword":1,"minecraft:furnace":1,"minecraft:stone_axe":1,"minecraft:air":0,"minecraft:smoker":1,"minecraft:jungle_planks":40},"minecraft:dropped":{"minecraft:cocoa_beans":8,"minecraft:dark_oak_sapling":1},"minecraft:picked_up":{"minecraft:dark_oak_sapling":1,"minecraft:cocoa_beans":8,"minecraft:crafting_table":2,"minecraft:jungle_log":14,"minecraft:leather":17,"minecraft:smoker":1,"minecraft:jungle_planks":17,"minecraft:dirt":14,"minecraft:beef":26,"minecraft:white_wool":2,"minecraft:bamboo":9,"minecraft:oak_sapling":1,"minecraft:mutton":3,"minecraft:sugar_cane":3,"minecraft:cobblestone":30},"minecraft:used":{"minecraft:stone_sword":19,"minecraft:stone_pickaxe":25,"minecraft:wooden_pickaxe":6,"minecraft:stone_axe":14,"minecraft:crafting_table":2,"minecraft:oak_sapling":1,"minecraft:cooked_beef":4,"minecraft:smoker":1},"minecraft:killed":{"minecraft:sheep":2,"minecraft:cow":12},"minecraft:mined":{"minecraft:smoker":1,"minecraft:jungle_leaves":1,"minecraft:birch_leaves":3,"minecraft:crafting_table":2,"minecraft:grass":4,"minecraft:grass_block":3,"minecraft:vine":1,"minecraft:jungle_log":14,"minecraft:dirt":11,"minecraft:bamboo":1,"minecraft:stone":30,"minecraft:sugar_cane":1,"minecraft:oak_leaves":2},"minecraft:custom":{"minecraft:time_since_rest":24511,"minecraft:sprint_one_cm":46666,"minecraft:damage_taken":185,"minecraft:walk_one_cm":63849,"minecraft:mob_kills":14,"minecraft:drop":3,"minecraft:damage_dealt":1360,"minecraft:swim_one_cm":2707,"minecraft:interact_with_crafting_table":5,"minecraft:fly_one_cm":68897,"minecraft:crouch_one_cm":34,"minecraft:play_time":24511,"minecraft:sneak_time":17,"minecraft:walk_under_water_one_cm":176,"minecraft:jump":572,"minecraft:leave_game":1,"minecraft:walk_on_water_one_cm":621,"minecraft:time_since_death":24511,"minecraft:interact_with_smoker":13,"minecraft:climb_one_cm":1339,"minecraft:total_world_time":24511,"minecraft:fall_one_cm":15746}},"DataVersion":3465}