{"stats":{"minecraft:crafted":{"minecraft:cooked_beef":45,"minecraft:oak_planks":20,"minecraft:crafting_table":1,"minecraft:wooden_pickaxe":1,"minecraft:furnace":1,"minecraft:stone_axe":1,"minecraft:air":0,"minecraft:jungle_planks":40,"minecraft:oak_boat":1,"minecraft:stick":8,"minecraft:stone_pickaxe":1,"minecraft:stone_sword":1,"minecraft:white_bed":1,"minecraft:smoker":1},"minecraft:dropped":{"minecraft:wheat_seeds":2,"minecraft:cocoa_beans":8,"minecraft:dark_oak_sapling":1,"minecraft:rotten_flesh":3,"minecraft:filled_map":2,"minecraft:fishing_rod":1},"minecraft:picked_up":{"minecraft:cocoa_beans":8,"minecraft:crafting_table":3,"minecraft:jungle_log":14,"minecraft:leather":42,"minecraft:smoker":2,"minecraft:oak_log":5,"minecraft:dirt":15,"minecraft:wheat_seeds":2,"minecraft:beef":71,"minecraft:oak_boat":4,"minecraft:bamboo":9,"minecraft:sugar_cane":3,"minecraft:dark_oak_sapling":1,"minecraft:jungle_planks":17,"minecraft:sand":4,"minecraft:rotten_flesh":3,"minecraft:oak_sapling":1,"minecraft:cobblestone":30,"minecraft:mutton":4,"minecraft:coal":1,"minecraft:white_wool":3},"minecraft:used":{"minecraft:stone_sword":94,"minecraft:stone_pickaxe":28,"minecraft:wooden_pickaxe":6,"minecraft:crafting_table":3,"minecraft:smoker":2,"minecraft:map":2,"minecraft:stone_axe":34,"minecraft:oak_sapling":1,"minecraft:oak_boat":4,"minecraft:cooked_beef":9},"minecraft:killed":{"minecraft:sheep":3,"minecraft:zombie":1,"minecraft:drowned":3,"minecraft:cow":37},"minecraft:mined":{"minecraft:dark_oak_leaves":1,"minecraft:smoker":2,"minecraft:jungle_leaves":1,"minecraft:crafting_table":3,"minecraft:grass_block":3,"minecraft:jungle_log":14,"minecraft:tall_grass":3,"minecraft:sugar_cane":1,"minecraft:birch_leaves":4,"minecraft:grass":13,"minecraft:oak_log":5,"minecraft:coal_ore":1,"minecraft:vine":1,"minecraft:dirt":12,"minecraft:sand":2,"minecraft:bamboo":1,"minecraft:stone":30,"minecraft:oak_leaves":2,"minecraft:fern":1},"minecraft:custom":{"minecraft:mob_kills":44,"minecraft:interact_with_crafting_table":8,"minecraft:leave_game":1,"minecraft:time_since_death":48511,"minecraft:climb_one_cm":1824,"minecraft:time_since_rest":48511,"minecraft:sprint_one_cm":126530,"minecraft:damage_taken":475,"minecraft:walk_one_cm":94346,"minecraft:drop":10,"minecraft:damage_dealt":4728,"minecraft:swim_one_cm":40074,"minecraft:fly_one_cm":251052,"minecraft:open_chest":7,"minecraft:crouch_one_cm":353,"minecraft:play_time":48511,"minecraft:sneak_time":372,"minecraft:walk_under_water_one_cm":23334,"minecraft:boat_one_cm":75933,"minecraft:jump":1394,"minecraft:walk_on_water_one_cm":8658,"minecraft:total_world_time":48511,"minecraft:interact_with_smoker":22,"minecraft:fall_one_cm":39199}},"DataVersion":3465}