{"stats":{"minecraft:crafted":{"minecraft:oak_planks":64,"minecraft:furnace":1,"minecraft:iron_hoe":1,"minecraft:stone_pickaxe":1,"minecraft:chest":6,"minecraft:smoker":1,"minecraft:cooked_beef":86,"minecraft:red_dye":1,"minecraft:oak_slab":12,"minecraft:cauldron":2,"minecraft:crafting_table":2,"minecraft:wooden_pickaxe":1,"minecraft:red_bed":1,"minecraft:birch_planks":40,"minecraft:bucket":2,"minecraft:hay_block":3,"minecraft:stone_axe":2,"minecraft:air":0,"minecraft:jungle_planks":40,"minecraft:oak_boat":1,"minecraft:shield":1,"minecraft:stick":52,"minecraft:iron_ingot":73,"minecraft:iron_pickaxe":2,"minecraft:stone_sword":2,"minecraft:iron_shovel":1,"minecraft:gold_ingot":5,"minecraft:white_bed":1,"minecraft:composter":1,"minecraft:torch":68},"minecraft:dropped":{"minecraft:wheat_seeds":2,"minecraft:dark_oak_sapling":1,"minecraft:dripstone_block":5,"minecraft:flint":1,"minecraft:fishing_rod":1,"minecraft:gravel":3,"minecraft:cocoa_beans":8,"minecraft:raw_copper":14,"minecraft:pointed_dripstone":1,"minecraft:rotten_flesh":10,"minecraft:filled_map":2,"minecraft:stone_pickaxe":1,"minecraft:wooden_pickaxe":1},"minecraft:picked_up":{"minecraft:cocoa_beans":8,"minecraft:crafting_table":6,"minecraft:red_bed":5,"minecraft:raw_copper":14,"minecraft:beef":103,"minecraft:oak_boat":11,"minecraft:poppy":1,"minecraft:sugar_cane":9,"minecraft:egg":1,"minecraft:dark_oak_sapling":1,"minecraft:stick":9,"minecraft:raw_iron":70,"minecraft:composter":2,"minecraft:torch":6,"minecraft:pointed_dripstone":7,"minecraft:carrot":1,"minecraft:rotten_flesh":10,"minecraft:arrow":5,"minecraft:hay_block":8,"minecraft:mutton":4,"minecraft:white_wool":3,"minecraft:cobblestone":236,"minecraft:birch_log":10,"minecraft:jungle_log":14,"minecraft:andesite":1,"minecraft:leather":58,"minecraft:smoker":2,"minecraft:potato":1,"minecraft:flint":2,"minecraft:oak_log":62,"minecraft:gunpowder":1,"minecraft:dirt":108,"minecraft:bone":4,"minecraft:apple":3,"minecraft:wheat_seeds":3,"minecraft:raw_gold":5,"minecraft:iron_ingot":1,"minecraft:bamboo":9,"minecraft:oak_planks":8,"minecraft:dripstone_block":6,"minecraft:gravel":7,"minecraft:sand":4,"minecraft:jungle_planks":17,"minecraft:blast_furnace":2,"minecraft:oak_sapling":22,"minecraft:coal":26},"minecraft:used":{"minecraft:stone_sword":181,"minecraft:iron_shovel":80,"minecraft:chest":6,"minecraft:torch":63,"minecraft:dirt":55,"minecraft:carrot":1,"minecraft:iron_hoe":49,"minecraft:lava_bucket":2,"minecraft:bamboo":9,"minecraft:oak_sapling":22,"minecraft:egg":1,"minecraft:potato":1,"minecraft:cooked_beef":36,"minecraft:pointed_dripstone":6,"minecraft:golden_boots":1,"minecraft:wheat_seeds":1,"minecraft:water_bucket":4,"minecraft:stone_pickaxe":31,"minecraft:oak_planks":8,"minecraft:wooden_pickaxe":6,"minecraft:leather_chestplate":1,"minecraft:cauldron":2,"minecraft:oak_slab":1,"minecraft:crafting_table":7,"minecraft:red_bed":5,"minecraft:blast_furnace":2,"minecraft:dripstone_block":1,"minecraft:smoker":3,"minecraft:map":2,"minecraft:iron_pickaxe":315,"minecraft:gravel":4,"minecraft:stone_axe":123,"minecraft:cobblestone":28,"minecraft:bucket":6,"minecraft:oak_boat":12},"minecraft:killed":{"minecraft:skeleton":4,"minecraft:drowned":5,"minecraft:creeper":1,"minecraft:sheep":3,"minecraft:zombie":7,"minecraft:cow":54},"minecraft:broken":{"minecraft:stone_sword":1,"minecraft:stone_axe":1,"minecraft:iron_pickaxe":1},"minecraft:mined":{"minecraft:oak_sapling":1,"minecraft:dark_oak_leaves":1,"minecraft:jungle_leaves":2,"minecraft:grass_block":48,"minecraft:jungle_log":14,"minecraft:composter":2,"minecraft:hay_block":8,"minecraft:carrots":1,"minecraft:iron_ore":60,"minecraft:andesite":1,"minecraft:potatoes":1,"minecraft:pointed_dripstone":6,"minecraft:deepslate_iron_ore":10,"minecraft:vine":1,"minecraft:bamboo":1,"minecraft:stone":224,"minecraft:red_bed":5,"minecraft:smoker":2,"minecraft:crafting_table":6,"minecraft:torch":4,"minecraft:blast_furnace":2,"minecraft:poppy":1,"minecraft:tall_grass":3,"minecraft:copper_ore":6,"minecraft:cobblestone":8,"minecraft:deepslate_gold_ore":5,"minecraft:sugar_cane":3,"minecraft:oak_planks":8,"minecraft:wall_torch":1,"minecraft:birch_log":10,"minecraft:wheat":1,"minecraft:birch_leaves":7,"minecraft:grass":16,"minecraft:coal_ore":26,"minecraft:oak_log":62,"minecraft:sand":2,"minecraft:dirt":68,"minecraft:gravel":5,"minecraft:oak_leaves":21,"minecraft:fern":1},"minecraft:custom":{"minecraft:mob_kills":74,"minecraft:animals_bred":1,"minecraft:interact_with_crafting_table":34,"minecraft:leave_game":1,"minecraft:time_since_death":222511,"minecraft:climb_one_cm":9391,"minecraft:sprint_one_cm":542095,"minecraft:walk_one_cm":377486,"minecraft:drop":23,"minecraft:talked_to_villager":1,"minecraft:play_time":222511,"minecraft:sneak_time":1830,"minecraft:walk_under_water_one_cm":32894,"minecraft:boat_one_cm":134899,"minecraft:jump":4952,"minecraft:interact_with_blast_furnace":15,"minecraft:walk_on_water_one_cm":21794,"minecraft:total_world_time":222511,"minecraft:sleep_in_bed":5,"minecraft:time_since_rest":11289,"minecraft:damage_taken":2143,"minecraft:damage_dealt":8894,"minecraft:swim_one_cm":63366,"minecraft:fly_one_cm":999565,"minecraft:open_chest":29,"minecraft:crouch_one_cm":5107,"minecraft:interact_with_smoker":29,"minecraft:fall_one_cm":168283}},"DataVersion":3465}