{"stats":{"minecraft:crafted":{"minecraft:oak_planks":52,"minecraft:cobblestone_slab":264,"minecraft:stone_shovel":1,"minecraft:furnace":2,"minecraft:spruce_fence":57,"minecraft:cooked_mutton":5,"minecraft:flint_and_steel":1,"minecraft:iron_boots":1,"minecraft:iron_axe":2,"minecraft:spruce_slab":12,"minecraft:stone_pickaxe":3,"minecraft:chest":10,"minecraft:stone_hoe":2,"minecraft:golden_boots":1,"minecraft:smoker":1,"minecraft:cooked_beef":29,"minecraft:spruce_sign":3,"minecraft:crafting_table":2,"minecraft:spruce_planks":280,"minecraft:iron_helmet":1,"minecraft:baked_potato":117,"minecraft:wooden_pickaxe":1,"minecraft:bucket":1,"minecraft:stone_axe":1,"minecraft:air":0,"minecraft:spruce_trapdoor":4,"minecraft:iron_chestplate":1,"minecraft:diamond_pickaxe":1,"minecraft:shield":1,"minecraft:stick":120,"minecraft:iron_ingot":129,"minecraft:iron_pickaxe":7,"minecraft:iron_leggings":1,"minecraft:iron_shovel":3,"minecraft:gold_ingot":10,"minecraft:white_bed":1,"minecraft:composter":1,"minecraft:spruce_fence_gate":2,"minecraft:torch":256},"minecraft:killed_by":{"minecraft:player":1},"minecraft:dropped":{"minecraft:wheat_seeds":22,"minecraft:cobblestone":3,"minecraft:granite":9,"minecraft:stone_axe":1,"minecraft:cobbled_deepslate":1,"minecraft:stone_shovel":1,"minecraft:wooden_pickaxe":1,"minecraft:stone_pickaxe":2},"minecraft:picked_up":{"minecraft:crafting_table":13,"minecraft:wheat":29,"minecraft:white_carpet":3,"minecraft:cobbled_deepslate":13,"minecraft:beef":29,"minecraft:cobblestone_slab":7,"minecraft:sugar_cane":294,"minecraft:egg":2,"minecraft:furnace":8,"minecraft:stick":33,"minecraft:raw_iron":161,"minecraft:composter":48,"minecraft:torch":18,"minecraft:spruce_fence":6,"minecraft:porkchop":14,"minecraft:carrot":182,"minecraft:rotten_flesh":14,"minecraft:arrow":3,"minecraft:stone_shovel":1,"minecraft:obsidian":10,"minecraft:mutton":5,"minecraft:cobblestone":1634,"minecraft:white_wool":3,"minecraft:andesite":4,"minecraft:salmon":12,"minecraft:leather":10,"minecraft:smoker":2,"minecraft:potato":610,"minecraft:flint":1,"minecraft:oak_log":26,"minecraft:gunpowder":4,"minecraft:dirt":751,"minecraft:blue_bed":1,"minecraft:bone":7,"minecraft:apple":1,"minecraft:stonecutter":2,"minecraft:wheat_seeds":94,"minecraft:raw_gold":10,"minecraft:bell":1,"minecraft:stone_pickaxe":1,"minecraft:pumpkin":21,"minecraft:sweet_berries":5,"minecraft:poisonous_potato":1,"minecraft:gravel":16,"minecraft:spruce_sapling":29,"minecraft:blast_furnace":1,"minecraft:white_bed":6,"minecraft:spruce_log":122,"minecraft:purple_bed":4,"minecraft:diamond":9,"minecraft:granite":9,"minecraft:bone_meal":1,"minecraft:oak_sapling":7,"minecraft:coal":342},"minecraft:used":{"minecraft:iron_shovel":595,"minecraft:stone_shovel":131,"minecraft:chest":10,"minecraft:spruce_planks":5,"minecraft:shield":3,"minecraft:bell":1,"minecraft:stone_hoe":276,"minecraft:rotten_flesh":2,"minecraft:torch":255,"minecraft:dirt":454,"minecraft:white_carpet":3,"minecraft:carrot":137,"minecraft:spruce_fence":59,"minecraft:iron_axe":260,"minecraft:iron_boots":1,"minecraft:sweet_berries":5,"minecraft:furnace":9,"minecraft:egg":2,"minecraft:potato":343,"minecraft:cooked_beef":29,"minecraft:cobbled_deepslate":12,"minecraft:iron_leggings":1,"minecraft:golden_boots":1,"minecraft:wheat_seeds":39,"minecraft:cooked_mutton":5,"minecraft:water_bucket":68,"minecraft:baked_potato":8,"minecraft:stone_pickaxe":275,"minecraft:sugar_cane":103,"minecraft:blue_bed":1,"minecraft:wooden_pickaxe":10,"minecraft:spruce_sign":1,"minecraft:composter":42,"minecraft:spruce_fence_gate":2,"minecraft:cobblestone_slab":96,"minecraft:stonecutter":2,"minecraft:crafting_table":14,"minecraft:blast_furnace":1,"minecraft:white_bed":6,"minecraft:smoker":3,"minecraft:diamond_pickaxe":16,"minecraft:apple":1,"minecraft:iron_pickaxe":1676,"minecraft:spruce_trapdoor":3,"minecraft:spruce_sapling":24,"minecraft:gravel":11,"minecraft:stone_axe":82,"minecraft:cobblestone":93,"minecraft:purple_bed":4,"minecraft:andesite":4,"minecraft:bucket":68},"minecraft:killed":{"minecraft:skeleton":3,"minecraft:pig":6,"minecraft:zombie_villager":1,"minecraft:salmon":12,"minecraft:creeper":3,"minecraft:sheep":3,"minecraft:zombie":15,"minecraft:cow":14},"minecraft:broken":{"minecraft:iron_shovel":2,"minecraft:stone_hoe":1,"minecraft:stone_pickaxe":2,"minecraft:iron_axe":1,"minecraft:iron_pickaxe":6,"minecraft:stone_shovel":1},"minecraft:mined":{"minecraft:diamond_ore":1,"minecraft:white_bed":6,"minecraft:deepslate_diamond_ore":8,"minecraft:obsidian":10,"minecraft:granite":9,"minecraft:grass_block":506,"minecraft:spruce_fence":6,"minecraft:spruce_leaves":57,"minecraft:composter":48,"minecraft:spruce_sapling":4,"minecraft:furnace":8,"minecraft:carrots":51,"minecraft:iron_ore":120,"minecraft:andesite":4,"minecraft:pumpkin":21,"minecraft:bell":1,"minecraft:potatoes":187,"minecraft:cave_vines":1,"minecraft:deepslate_iron_ore":9,"minecraft:cobblestone_slab":7,"minecraft:stone":1610,"minecraft:smoker":2,"minecraft:crafting_table":13,"minecraft:torch":8,"minecraft:blast_furnace":1,"minecraft:cobblestone":14,"minecraft:sugar_cane":199,"minecraft:blue_bed":1,"minecraft:wall_torch":4,"minecraft:purple_bed":5,"minecraft:wheat":32,"minecraft:sweet_berry_bush":2,"minecraft:ice":9,"minecraft:white_carpet":3,"minecraft:spruce_log":122,"minecraft:grass":1,"minecraft:oak_log":26,"minecraft:coal_ore":141,"minecraft:gravel":8,"minecraft:dirt":245,"minecraft:stonecutter":2,"minecraft:gold_ore":10,"minecraft:oak_leaves":8,"minecraft:deepslate":13,"minecraft:fern":2},"minecraft:custom":{"minecraft:mob_kills":57,"minecraft:animals_bred":2,"minecraft:interact_with_crafting_table":71,"minecraft:bell_ring":65,"minecraft:leave_game":6,"minecraft:time_since_death":273959,"minecraft:climb_one_cm":2168,"minecraft:sprint_one_cm":919673,"minecraft:walk_one_cm":1103988,"minecraft:damage_blocked_by_shield":210,"minecraft:drop":10,"minecraft:talked_to_villager":1,"minecraft:play_time":277033,"minecraft:deaths":1,"minecraft:sneak_time":9928,"minecraft:walk_under_water_one_cm":56892,"minecraft:jump":5968,"minecraft:interact_with_blast_furnace":13,"minecraft:walk_on_water_one_cm":58234,"minecraft:total_world_time":277033,"minecraft:interact_with_furnace":42,"minecraft:interact_with_stonecutter":2,"minecraft:sleep_in_bed":16,"minecraft:time_since_rest":7311,"minecraft:damage_taken":2297,"minecraft:damage_dealt":6905,"minecraft:swim_one_cm":43749,"minecraft:fly_one_cm":1192135,"minecraft:open_chest":85,"minecraft:crouch_one_cm":27207,"minecraft:interact_with_smoker":21,"minecraft:fall_one_cm":179334}},"DataVersion":3465}