{"stats":{"minecraft:crafted":{"minecraft:cooked_beef":86,"minecraft:red_dye":1,"minecraft:oak_planks":64,"minecraft:crafting_table":2,"minecraft:wooden_pickaxe":1,"minecraft:red_bed":1,"minecraft:furnace":1,"minecraft:hay_block":3,"minecraft:birch_planks":40,"minecraft:stone_axe":2,"minecraft:air":0,"minecraft:jungle_planks":40,"minecraft:oak_boat":1,"minecraft:shield":1,"minecraft:stick":52,"minecraft:iron_ingot":3,"minecraft:iron_pickaxe":1,"minecraft:stone_pickaxe":1,"minecraft:stone_sword":2,"minecraft:chest":6,"minecraft:white_bed":1,"minecraft:torch":52,"minecraft:smoker":1},"minecraft:dropped":{"minecraft:gravel":3,"minecraft:wheat_seeds":2,"minecraft:raw_copper":14,"minecraft:cocoa_beans":8,"minecraft:dripstone_block":1,"minecraft:dark_oak_sapling":1,"minecraft:rotten_flesh":10,"minecraft:flint":1,"minecraft:filled_map":2,"minecraft:wooden_pickaxe":1,"minecraft:stone_pickaxe":1,"minecraft:fishing_rod":1},"minecraft:picked_up":{"minecraft:birch_log":10,"minecraft:cocoa_beans":8,"minecraft:crafting_table":5,"minecraft:andesite":1,"minecraft:jungle_log":14,"minecraft:leather":58,"minecraft:smoker":2,"minecraft:potato":1,"minecraft:flint":2,"minecraft:oak_log":62,"minecraft:gunpowder":1,"minecraft:dirt":24,"minecraft:red_bed":4,"minecraft:raw_copper":14,"minecraft:bone":4,"minecraft:apple":3,"minecraft:wheat_seeds":3,"minecraft:iron_ingot":1,"minecraft:beef":103,"minecraft:oak_boat":9,"minecraft:poppy":1,"minecraft:bamboo":9,"minecraft:sugar_cane":9,"minecraft:raw_iron":65,"minecraft:dark_oak_sapling":1,"minecraft:stick":9,"minecraft:composter":2,"minecraft:torch":1,"minecraft:dripstone_block":6,"minecraft:gravel":7,"minecraft:jungle_planks":17,"minecraft:sand":4,"minecraft:pointed_dripstone":7,"minecraft:blast_furnace":2,"minecraft:carrot":1,"minecraft:arrow":5,"minecraft:rotten_flesh":10,"minecraft:hay_block":8,"minecraft:oak_sapling":22,"minecraft:cobblestone":56,"minecraft:mutton":4,"minecraft:coal":26,"minecraft:white_wool":3},"minecraft:used":{"minecraft:golden_boots":1,"minecraft:wheat_seeds":1,"minecraft:stone_sword":181,"minecraft:stone_pickaxe":31,"minecraft:chest":6,"minecraft:leather_chestplate":1,"minecraft:wooden_pickaxe":6,"minecraft:torch":50,"minecraft:dirt":9,"minecraft:crafting_table":6,"minecraft:red_bed":4,"minecraft:blast_furnace":1,"minecraft:dripstone_block":1,"minecraft:smoker":3,"minecraft:iron_pickaxe":124,"minecraft:map":2,"minecraft:gravel":4,"minecraft:bamboo":9,"minecraft:stone_axe":113,"minecraft:cobblestone":2,"minecraft:oak_sapling":22,"minecraft:oak_boat":9,"minecraft:cooked_beef":33},"minecraft:killed":{"minecraft:creeper":1,"minecraft:sheep":3,"minecraft:skeleton":4,"minecraft:zombie":7,"minecraft:drowned":5,"minecraft:cow":54},"minecraft:broken":{"minecraft:stone_axe":1,"minecraft:stone_sword":1},"minecraft:mined":{"minecraft:oak_sapling":1,"minecraft:red_bed":4,"minecraft:dark_oak_leaves":1,"minecraft:smoker":2,"minecraft:jungle_leaves":2,"minecraft:crafting_table":5,"minecraft:torch":1,"minecraft:blast_furnace":2,"minecraft:grass_block":8,"minecraft:poppy":1,"minecraft:jungle_log":14,"minecraft:copper_ore":6,"minecraft:tall_grass":3,"minecraft:composter":2,"minecraft:sugar_cane":3,"minecraft:hay_block":8,"minecraft:carrots":1,"minecraft:iron_ore":57,"minecraft:birch_log":10,"minecraft:wheat":1,"minecraft:andesite":1,"minecraft:birch_leaves":7,"minecraft:deepslate_iron_ore":8,"minecraft:pointed_dripstone":6,"minecraft:grass":15,"minecraft:potatoes":1,"minecraft:oak_log":62,"minecraft:coal_ore":26,"minecraft:vine":1,"minecraft:gravel":5,"minecraft:dirt":24,"minecraft:sand":2,"minecraft:bamboo":1,"minecraft:stone":52,"minecraft:oak_leaves":21,"minecraft:fern":1},"minecraft:custom":{"minecraft:mob_kills":74,"minecraft:animals_bred":1,"minecraft:interact_with_crafting_table":20,"minecraft:leave_game":1,"minecraft:time_since_death":198511,"minecraft:sleep_in_bed":4,"minecraft:climb_one_cm":9391,"minecraft:time_since_rest":1723,"minecraft:sprint_one_cm":487267,"minecraft:damage_taken":1996,"minecraft:walk_one_cm":285578,"minecraft:drop":21,"minecraft:damage_dealt":8894,"minecraft:swim_one_cm":58358,"minecraft:talked_to_villager":1,"minecraft:fly_one_cm":917982,"minecraft:open_chest":16,"minecraft:crouch_one_cm":3822,"minecraft:play_time":198511,"minecraft:sneak_time":1587,"minecraft:walk_under_water_one_cm":30672,"minecraft:boat_one_cm":125949,"minecraft:jump":4535,"minecraft:interact_with_blast_furnace":1,"minecraft:walk_on_water_one_cm":19080,"minecraft:total_world_time":198511,"minecraft:interact_with_smoker":27,"minecraft:fall_one_cm":152594}},"DataVersion":3465}