{"stats":{"minecraft:crafted":{"minecraft:grindstone":1,"minecraft:oak_planks":536,"minecraft:cobblestone_slab":132,"minecraft:oak_sign":12,"minecraft:blaze_powder":6,"minecraft:birch_slab":126,"minecraft:stone":7,"minecraft:diamond_shovel":1,"minecraft:bookshelf":25,"minecraft:cooked_mutton":4,"minecraft:glass":23,"minecraft:hopper":4,"minecraft:diamond_helmet":1,"minecraft:bow":1,"minecraft:diamond_leggings":1,"minecraft:iron_boots":1,"minecraft:chest":14,"minecraft:rail":80,"minecraft:stone_hoe":1,"minecraft:oak_fence":24,"minecraft:smoker":1,"minecraft:glass_bottle":21,"minecraft:oak_slab":18,"minecraft:emerald":1639,"minecraft:cauldron":6,"minecraft:diamond_axe":1,"minecraft:crafting_table":3,"minecraft:wooden_pickaxe":1,"minecraft:iron_helmet":1,"minecraft:smithing_table":2,"minecraft:gold_block":10,"minecraft:hay_block":8,"minecraft:birch_planks":208,"minecraft:apple":32,"minecraft:emerald_block":81,"minecraft:lectern":14,"minecraft:diamond_pickaxe":1,"minecraft:iron_chestplate":1,"minecraft:book":53,"minecraft:paper":621,"minecraft:yellow_dye":2,"minecraft:shield":1,"minecraft:stick":340,"minecraft:stone_slab":6,"minecraft:iron_ingot":356,"minecraft:iron_pickaxe":5,"minecraft:iron_block":42,"minecraft:stone_sword":2,"minecraft:gold_ingot":195,"minecraft:composter":5,"minecraft:golden_carrot":72,"minecraft:coal":252,"minecraft:furnace":4,"minecraft:blast_furnace":2,"minecraft:yellow_bed":2,"minecraft:diamond_block":13,"minecraft:oak_trapdoor":46,"minecraft:flint_and_steel":1,"minecraft:diamond":63,"minecraft:iron_axe":3,"minecraft:ladder":3,"minecraft:iron_hoe":1,"minecraft:stone_pickaxe":1,"minecraft:diamond_boots":1,"minecraft:redstone_block":15,"minecraft:minecart":4,"minecraft:wheat":54,"minecraft:cooked_beef":112,"minecraft:coal_block":107,"minecraft:sugar":16,"minecraft:red_dye":1,"minecraft:diamond_sword":1,"minecraft:iron_sword":1,"minecraft:red_bed":1,"minecraft:bucket":6,"minecraft:stone_axe":2,"minecraft:enchanted_book":28,"minecraft:air":0,"minecraft:jungle_planks":40,"minecraft:oak_fence_gate":7,"minecraft:oak_boat":3,"minecraft:golden_apple":14,"minecraft:fermented_spider_eye":6,"minecraft:iron_shovel":6,"minecraft:iron_leggings":1,"minecraft:stonecutter":1,"minecraft:anvil":2,"minecraft:white_bed":1,"minecraft:torch":356,"minecraft:diamond_chestplate":1},"minecraft:dropped":{"minecraft:iron_sword":1,"minecraft:warped_stem":7,"minecraft:dark_oak_sapling":1,"minecraft:flint":2,"minecraft:gold_nugget":19,"minecraft:iron_pickaxe":2,"minecraft:fishing_rod":1,"minecraft:bone":18,"minecraft:gravel":23,"minecraft:stone_axe":2,"minecraft:birch_sapling":6,"minecraft:pointed_dripstone":1,"minecraft:rotten_flesh":39,"minecraft:golden_shovel":1,"minecraft:nether_brick_fence":4,"minecraft:carrot":759,"minecraft:leather_chestplate":1,"minecraft:arrow":2,"minecraft:warped_wart_block":19,"minecraft:netherrack":60,"minecraft:enchanted_book":1,"minecraft:wheat_seeds":4,"minecraft:golden_helmet":1,"minecraft:dripstone_block":5,"minecraft:poisonous_potato":16,"minecraft:iron_helmet":1,"minecraft:cobblestone":5,"minecraft:iron_leggings":1,"minecraft:iron_axe":1,"minecraft:iron_shovel":1,"minecraft:stone_sword":1,"minecraft:cocoa_beans":8,"minecraft:raw_copper":14,"minecraft:iron_boots":1,"minecraft:filled_map":2,"minecraft:potato":481,"minecraft:iron_chestplate":1,"minecraft:yellow_bed":1,"minecraft:golden_leggings":1,"minecraft:stone_pickaxe":1,"minecraft:wooden_pickaxe":1},"minecraft:picked_up":{"minecraft:nether_brick_fence":4,"minecraft:smithing_table":2,"minecraft:brewing_stand":2,"minecraft:string":15,"minecraft:raw_copper":14,"minecraft:oak_sign":2,"minecraft:cobbled_deepslate":146,"minecraft:gold_nugget":19,"minecraft:smooth_stone":6,"minecraft:cobblestone_slab":27,"minecraft:furnace":1,"minecraft:golden_helmet":1,"minecraft:stick":21,"minecraft:composter":107,"minecraft:oak_fence":35,"minecraft:torch":47,"minecraft:pointed_dripstone":7,"minecraft:cauldron":20,"minecraft:rotten_flesh":61,"minecraft:blaze_rod":6,"minecraft:cobblestone":762,"minecraft:birch_log":71,"minecraft:cooked_beef":17,"minecraft:andesite":1,"minecraft:jungle_log":14,"minecraft:golden_leggings":1,"minecraft:smoker":4,"minecraft:potato":3715,"minecraft:flint":60,"minecraft:wither_skeleton_skull":2,"minecraft:dirt":725,"minecraft:bone":39,"minecraft:stonecutter":6,"minecraft:wheat_seeds":5,"minecraft:raw_gold":94,"minecraft:bamboo":9,"minecraft:oak_planks":30,"minecraft:sand":27,"minecraft:warped_wart_block":19,"minecraft:poisonous_potato":16,"minecraft:jungle_planks":17,"minecraft:diamond":87,"minecraft:oak_sapling":40,"minecraft:netherrack":427,"minecraft:cocoa_beans":8,"minecraft:crafting_table":13,"minecraft:brown_mushroom":30,"minecraft:gold_block":1,"minecraft:oak_trapdoor":12,"minecraft:red_bed":17,"minecraft:beef":129,"minecraft:oak_boat":23,"minecraft:poppy":1,"minecraft:minecart":46,"minecraft:lectern":870,"minecraft:sugar_cane":848,"minecraft:chest":1,"minecraft:birch_sapling":6,"minecraft:egg":1,"minecraft:dark_oak_sapling":1,"minecraft:raw_iron":74,"minecraft:carrot":4295,"minecraft:redstone":136,"minecraft:arrow":27,"minecraft:hay_block":8,"minecraft:mutton":4,"minecraft:rail":203,"minecraft:white_wool":3,"minecraft:glow_ink_sac":16,"minecraft:leather":72,"minecraft:birch_planks":3,"minecraft:oak_log":167,"minecraft:cobblestone_wall":15,"minecraft:yellow_bed":28,"minecraft:gunpowder":11,"minecraft:apple":7,"minecraft:warped_stem":7,"minecraft:oak_fence_gate":4,"minecraft:iron_ingot":5,"minecraft:glass_bottle":1,"minecraft:book":33,"minecraft:oak_slab":2,"minecraft:dandelion":3,"minecraft:dripstone_block":9,"minecraft:gravel":441,"minecraft:lava_bucket":1,"minecraft:blast_furnace":4,"minecraft:white_bed":6,"minecraft:spider_eye":9,"minecraft:stone_axe":1,"minecraft:coal":1057,"minecraft:hopper":1},"minecraft:used":{"minecraft:iron_shovel":1450,"minecraft:ladder":3,"minecraft:oak_sign":12,"minecraft:chest":11,"minecraft:shield":30,"minecraft:iron_sword":191,"minecraft:carrot":1154,"minecraft:obsidian":5,"minecraft:lava_bucket":30,"minecraft:oak_sapling":40,"minecraft:furnace":2,"minecraft:egg":1,"minecraft:potato":971,"minecraft:golden_boots":1,"minecraft:diamond_boots":1,"minecraft:stone_pickaxe":31,"minecraft:oak_planks":34,"minecraft:wooden_pickaxe":6,"minecraft:leather_chestplate":1,"minecraft:composter":111,"minecraft:sugar_cane":78,"minecraft:diamond_axe":551,"minecraft:blast_furnace":6,"minecraft:dripstone_block":4,"minecraft:bread":3,"minecraft:lectern":878,"minecraft:gravel":412,"minecraft:diamond_sword":185,"minecraft:grindstone":1,"minecraft:smithing_table":4,"minecraft:oak_boat":25,"minecraft:oak_fence":46,"minecraft:oak_trapdoor":44,"minecraft:stone_sword":228,"minecraft:flint_and_steel":1,"minecraft:stone_hoe":97,"minecraft:netherrack":367,"minecraft:torch":399,"minecraft:brewing_stand":2,"minecraft:dirt":725,"minecraft:anvil":2,"minecraft:hopper":5,"minecraft:cobblestone_wall":115,"minecraft:golden_shovel":23,"minecraft:oak_fence_gate":11,"minecraft:iron_hoe":250,"minecraft:bookshelf":11,"minecraft:iron_axe":640,"minecraft:bamboo":9,"minecraft:golden_carrot":21,"minecraft:minecart":46,"minecraft:cooked_beef":127,"minecraft:cobbled_deepslate":139,"minecraft:pointed_dripstone":6,"minecraft:wheat_seeds":1,"minecraft:cooked_mutton":4,"minecraft:water_bucket":25,"minecraft:birch_planks":3,"minecraft:glass_bottle":6,"minecraft:cauldron":26,"minecraft:stonecutter":7,"minecraft:glow_ink_sac":7,"minecraft:cobblestone_slab":197,"minecraft:rail":261,"minecraft:oak_slab":9,"minecraft:crafting_table":15,"minecraft:red_bed":18,"minecraft:white_bed":4,"minecraft:smoker":5,"minecraft:diamond_pickaxe":1843,"minecraft:diamond_shovel":27,"minecraft:iron_pickaxe":1175,"minecraft:map":2,"minecraft:stone_axe":199,"minecraft:cobblestone":249,"minecraft:bucket":67,"minecraft:yellow_bed":29,"minecraft:splash_potion":6},"minecraft:killed":{"minecraft:cave_spider":3,"minecraft:witch":1,"minecraft:spider":5,"minecraft:skeleton":22,"minecraft:piglin":4,"minecraft:zombie_villager":2,"minecraft:creeper":11,"minecraft:sheep":3,"minecraft:zombie":52,"minecraft:glow_squid":2,"minecraft:cow":67,"minecraft:blaze":12,"minecraft:horse":1,"minecraft:drowned":5,"minecraft:wither_skeleton":14},"minecraft:broken":{"minecraft:iron_shovel":5,"minecraft:stone_axe":1,"minecraft:iron_hoe":1,"minecraft:stone_sword":1,"minecraft:iron_axe":2,"minecraft:iron_pickaxe":3},"minecraft:mined":{"minecraft:white_bed":6,"minecraft:oak_sapling":1,"minecraft:farmland":20,"minecraft:jungle_leaves":2,"minecraft:brewing_stand":2,"minecraft:grass_block":416,"minecraft:jungle_log":14,"minecraft:composter":107,"minecraft:hopper":1,"minecraft:oak_wall_sign":2,"minecraft:smooth_stone":6,"minecraft:iron_ore":64,"minecraft:cobbled_deepslate":8,"minecraft:fire":8,"minecraft:pointed_dripstone":6,"minecraft:dirt_path":1,"minecraft:deepslate_redstone_ore":21,"minecraft:brown_mushroom":30,"minecraft:red_bed":17,"minecraft:smoker":4,"minecraft:torch":26,"minecraft:blast_furnace":4,"minecraft:poppy":1,"minecraft:chest":1,"minecraft:cobblestone":67,"minecraft:sugar_cane":523,"minecraft:oak_planks":30,"minecraft:wall_torch":15,"minecraft:cauldron":16,"minecraft:deepslate_copper_ore":1,"minecraft:warped_nylium":1,"minecraft:birch_log":71,"minecraft:wheat":1,"minecraft:lava_cauldron":4,"minecraft:grass":33,"minecraft:oak_log":167,"minecraft:oak_fence_gate":4,"minecraft:sand":25,"minecraft:dirt":294,"minecraft:stonecutter":6,"minecraft:netherrack":433,"minecraft:oak_leaves":38,"minecraft:deepslate":141,"minecraft:nether_gold_ore":4,"minecraft:tuff":2,"minecraft:dark_oak_leaves":1,"minecraft:deepslate_diamond_ore":41,"minecraft:hay_block":8,"minecraft:oak_trapdoor":12,"minecraft:furnace":1,"minecraft:carrots":982,"minecraft:andesite":1,"minecraft:gold_block":1,"minecraft:nether_brick_fence":4,"minecraft:bookshelf":11,"minecraft:potatoes":840,"minecraft:deepslate_iron_ore":12,"minecraft:cobblestone_slab":27,"minecraft:vine":1,"minecraft:rail":193,"minecraft:warped_stem":8,"minecraft:bamboo":1,"minecraft:stone":687,"minecraft:smithing_table":2,"minecraft:oak_slab":2,"minecraft:dandelion":2,"minecraft:oak_fence":40,"minecraft:crafting_table":13,"minecraft:lectern":870,"minecraft:tall_grass":3,"minecraft:copper_ore":6,"minecraft:deepslate_gold_ore":43,"minecraft:diorite":1,"minecraft:warped_wart_block":20,"minecraft:birch_planks":3,"minecraft:cobblestone_wall":21,"minecraft:birch_leaves":7,"minecraft:yellow_bed":28,"minecraft:coal_ore":501,"minecraft:gravel":491,"minecraft:gold_ore":5,"minecraft:fern":1},"minecraft:custom":{"minecraft:animals_bred":3,"minecraft:interact_with_crafting_table":201,"minecraft:leave_game":12,"minecraft:time_since_death":1206745,"minecraft:sprint_one_cm":3668468,"minecraft:damage_blocked_by_shield":745,"minecraft:drop":149,"minecraft:talked_to_villager":1976,"minecraft:play_time":1206745,"minecraft:jump":21505,"minecraft:interact_with_brewingstand":26,"minecraft:walk_on_water_one_cm":67319,"minecraft:interact_with_furnace":39,"minecraft:traded_with_villager":1287,"minecraft:sleep_in_bed":46,"minecraft:damage_dealt":34034,"minecraft:crouch_one_cm":95977,"minecraft:interact_with_smoker":62,"minecraft:use_cauldron":17,"minecraft:interact_with_smithing_table":4,"minecraft:mob_kills":207,"minecraft:interact_with_anvil":34,"minecraft:inspect_hopper":2,"minecraft:climb_one_cm":10276,"minecraft:walk_one_cm":3657916,"minecraft:sneak_time":24456,"minecraft:walk_under_water_one_cm":42935,"minecraft:boat_one_cm":159077,"minecraft:interact_with_blast_furnace":62,"minecraft:total_world_time":1206745,"minecraft:interact_with_grindstone":2,"minecraft:interact_with_stonecutter":10,"minecraft:time_since_rest":6673,"minecraft:damage_taken":6800,"minecraft:swim_one_cm":109559,"minecraft:fly_one_cm":4774552,"minecraft:open_chest":784,"minecraft:fall_one_cm":535491}},"DataVersion":3465}