{"stats":{"minecraft:used":{"minecraft:stone_axe":8,"minecraft:stone_sword":2,"minecraft:dirt":7,"minecraft:cobblestone":3,"minecraft:crafting_table":1,"minecraft:stone_pickaxe":21,"minecraft:wooden_pickaxe":8},"minecraft:crafted":{"minecraft:stone_sword":1,"minecraft:stone_axe":1,"minecraft:crafting_table":1,"minecraft:spruce_planks":24,"minecraft:stick":8,"minecraft:stone_pickaxe":1,"minecraft:wooden_pickaxe":1},"minecraft:custom":{"minecraft:time_since_rest":14118,"minecraft:interact_with_furnace":2,"minecraft:sprint_one_cm":3208,"minecraft:play_time":14118,"minecraft:damage_taken":106,"minecraft:walk_one_cm":32173,"minecraft:sneak_time":1,"minecraft:jump":64,"minecraft:damage_dealt":38,"minecraft:leave_game":3,"minecraft:time_since_death":14118,"minecraft:interact_with_smoker":1,"minecraft:total_world_time":14118,"minecraft:interact_with_crafting_table":5,"minecraft:fall_one_cm":687,"minecraft:fly_one_cm":1748},"minecraft:mined":{"minecraft:dirt":12,"minecraft:spruce_leaves":2,"minecraft:spruce_log":12,"minecraft:stone":24,"minecraft:crafting_table":1},"minecraft:picked_up":{"minecraft:crafting_table":1,"minecraft:torch":1,"minecraft:spruce_sapling":2,"minecraft:spruce_log":12,"minecraft:dirt":8,"minecraft:cobblestone":18}},"DataVersion":3105}