{"stats":{"minecraft:killed_by":{"minecraft:zombie":1},"minecraft:used":{"minecraft:stone_sword":2,"minecraft:stone_pickaxe":21,"minecraft:wooden_pickaxe":8,"minecraft:stone_axe":9,"minecraft:sand":1,"minecraft:dirt":7,"minecraft:cobblestone":3,"minecraft:crafting_table":1,"minecraft:red_bed":1},"minecraft:crafted":{"minecraft:crafting_table":1,"minecraft:spruce_planks":24,"minecraft:stick":8,"minecraft:wooden_pickaxe":1,"minecraft:stone_pickaxe":1,"minecraft:stone_sword":1,"minecraft:stone_axe":1},"minecraft:custom":{"minecraft:time_since_rest":5523,"minecraft:interact_with_furnace":4,"minecraft:sprint_one_cm":31500,"minecraft:damage_taken":301,"minecraft:walk_one_cm":84306,"minecraft:damage_dealt":38,"minecraft:interact_with_crafting_table":5,"minecraft:fly_one_cm":29703,"minecraft:play_time":45827,"minecraft:deaths":1,"minecraft:sneak_time":1,"minecraft:walk_under_water_one_cm":892,"minecraft:jump":191,"minecraft:leave_game":7,"minecraft:time_since_death":14020,"minecraft:walk_on_water_one_cm":7279,"minecraft:sleep_in_bed":1,"minecraft:interact_with_smoker":1,"minecraft:total_world_time":45827,"minecraft:fall_one_cm":2033},"minecraft:mined":{"minecraft:red_bed":2,"minecraft:ice":1,"minecraft:spruce_log":12,"minecraft:crafting_table":1,"minecraft:gravel":2,"minecraft:sand":2,"minecraft:dirt":12,"minecraft:spruce_leaves":10,"minecraft:stone":24},"minecraft:picked_up":{"minecraft:stick":2,"minecraft:crafting_table":1,"minecraft:torch":1,"minecraft:gravel":2,"minecraft:sand":2,"minecraft:spruce_sapling":2,"minecraft:spruce_log":12,"minecraft:dirt":8,"minecraft:red_bed":2,"minecraft:white_carpet":8,"minecraft:redstone_torch":1,"minecraft:light_gray_carpet":3,"minecraft:cobblestone":18}},"DataVersion":3105}