{"stats":{"minecraft:killed_by":{"minecraft:zombie":1},"minecraft:used":{"minecraft:stone_sword":2,"minecraft:stone_pickaxe":21,"minecraft:wooden_pickaxe":8,"minecraft:stone_axe":9,"minecraft:dirt":7,"minecraft:cobblestone":3,"minecraft:crafting_table":1},"minecraft:crafted":{"minecraft:crafting_table":1,"minecraft:spruce_planks":24,"minecraft:stick":8,"minecraft:wooden_pickaxe":1,"minecraft:stone_pickaxe":1,"minecraft:stone_sword":1,"minecraft:stone_axe":1},"minecraft:custom":{"minecraft:time_since_rest":12483,"minecraft:interact_with_furnace":3,"minecraft:sprint_one_cm":23016,"minecraft:damage_taken":301,"minecraft:walk_one_cm":62972,"minecraft:damage_dealt":38,"minecraft:interact_with_crafting_table":5,"minecraft:fly_one_cm":26708,"minecraft:play_time":37449,"minecraft:deaths":1,"minecraft:sneak_time":1,"minecraft:walk_under_water_one_cm":470,"minecraft:jump":144,"minecraft:leave_game":6,"minecraft:time_since_death":5642,"minecraft:walk_on_water_one_cm":1676,"minecraft:interact_with_smoker":1,"minecraft:total_world_time":37449,"minecraft:fall_one_cm":1555},"minecraft:mined":{"minecraft:red_bed":1,"minecraft:ice":1,"minecraft:spruce_log":12,"minecraft:crafting_table":1,"minecraft:dirt":12,"minecraft:spruce_leaves":5,"minecraft:stone":24},"minecraft:picked_up":{"minecraft:stick":2,"minecraft:crafting_table":1,"minecraft:torch":1,"minecraft:spruce_sapling":2,"minecraft:spruce_log":12,"minecraft:dirt":8,"minecraft:red_bed":1,"minecraft:white_carpet":7,"minecraft:light_gray_carpet":3,"minecraft:cobblestone":18}},"DataVersion":3105}