{"stats":{"minecraft:crafted":{"minecraft:oak_planks":526,"minecraft:dark_oak_boat":1,"minecraft:birch_boat":1,"minecraft:cooked_chicken":18,"minecraft:furnace":3,"minecraft:bone_meal":6,"minecraft:white_carpet":3,"minecraft:cooked_mutton":47,"minecraft:flint_and_steel":1,"minecraft:iron_axe":3,"minecraft:stone_pickaxe":2,"minecraft:chest":16,"minecraft:dark_oak_planks":764,"minecraft:smoker":1,"minecraft:wheat":54,"minecraft:cooked_beef":33,"minecraft:emerald":35,"minecraft:cooked_porkchop":22,"minecraft:crafting_table":3,"minecraft:wooden_pickaxe":1,"minecraft:fletching_table":1,"minecraft:birch_planks":164,"minecraft:bucket":1,"minecraft:stone_axe":3,"minecraft:enchanted_book":2,"minecraft:air":0,"minecraft:shield":1,"minecraft:stick":1396,"minecraft:iron_ingot":41,"minecraft:iron_pickaxe":2,"minecraft:iron_shovel":7,"minecraft:white_bed":1,"minecraft:torch":476},"minecraft:killed_by":{"minecraft:zombie":1},"minecraft:dropped":{"minecraft:wheat_seeds":1,"minecraft:gray_wool":1,"minecraft:kelp":3,"minecraft:white_terracotta":1,"minecraft:filled_map":1},"minecraft:picked_up":{"minecraft:fishing_rod":1,"minecraft:mud_brick_slab":1,"minecraft:crafting_table":10,"minecraft:chicken":18,"minecraft:pink_wool":1,"minecraft:oak_stairs":49,"minecraft:brewing_stand":1,"minecraft:shield":1,"minecraft:oak_trapdoor":8,"minecraft:string":2,"minecraft:raw_copper":15,"minecraft:black_glazed_terracotta":9,"minecraft:beef":33,"minecraft:light_gray_wool":1,"minecraft:poppy":1,"minecraft:iron_pickaxe":1,"minecraft:lectern":13,"minecraft:sugar_cane":282,"minecraft:birch_sapling":4,"minecraft:furnace":4,"minecraft:egg":16,"minecraft:dark_oak_sapling":42,"minecraft:stick":26,"minecraft:raw_iron":51,"minecraft:oak_door":1,"minecraft:torch":251,"minecraft:porkchop":22,"minecraft:diorite":28,"minecraft:dark_oak_planks":2,"minecraft:arrow":14,"minecraft:rotten_flesh":7,"minecraft:hay_block":6,"minecraft:white_terracotta":1,"minecraft:brick_stairs":2,"minecraft:mutton":53,"minecraft:cobblestone":367,"minecraft:white_wool":34,"minecraft:oxeye_daisy":1,"minecraft:birch_log":41,"minecraft:leather_chestplate":1,"minecraft:feather":20,"minecraft:cooked_beef":9,"minecraft:water_bucket":1,"minecraft:andesite":4,"minecraft:brown_wool":2,"minecraft:leather":19,"minecraft:dark_oak_boat":7,"minecraft:flint":6,"minecraft:oak_log":235,"minecraft:golden_boots":1,"minecraft:yellow_bed":6,"minecraft:gunpowder":2,"minecraft:cobblestone_stairs":3,"minecraft:dirt":1648,"minecraft:cooked_mutton":22,"minecraft:bone":14,"minecraft:apple":14,"minecraft:bow":1,"minecraft:kelp":3,"minecraft:gray_terracotta":7,"minecraft:wheat_seeds":31,"minecraft:cooked_chicken":12,"minecraft:iron_ingot":3,"minecraft:oak_planks":40,"minecraft:book":24,"minecraft:dandelion":3,"minecraft:gravel":54,"minecraft:sand":1,"minecraft:ink_sac":3,"minecraft:white_bed":11,"minecraft:dark_oak_log":330,"minecraft:spider_eye":1,"minecraft:brick_slab":2,"minecraft:stone_axe":1,"minecraft:golden_apple":1,"minecraft:gray_wool":3,"minecraft:oak_sapling":28,"minecraft:netherrack":10,"minecraft:black_wool":1,"minecraft:bricks":9,"minecraft:coal":298},"minecraft:used":{"minecraft:iron_shovel":1502,"minecraft:flint_and_steel":7,"minecraft:chest":16,"minecraft:shield":7,"minecraft:cooked_chicken":7,"minecraft:netherrack":10,"minecraft:torch":291,"minecraft:dirt":290,"minecraft:white_carpet":1,"minecraft:brick_slab":2,"minecraft:milk_bucket":1,"minecraft:dark_oak_planks":383,"minecraft:lava_bucket":13,"minecraft:bricks":9,"minecraft:iron_axe":604,"minecraft:brick_stairs":2,"minecraft:bow":4,"minecraft:dark_oak_boat":7,"minecraft:furnace":5,"minecraft:egg":5,"minecraft:cooked_beef":20,"minecraft:dark_oak_sapling":42,"minecraft:cooked_mutton":40,"minecraft:water_bucket":24,"minecraft:diorite":27,"minecraft:stone_pickaxe":263,"minecraft:mud_brick_slab":1,"minecraft:wooden_pickaxe":40,"minecraft:birch_boat":1,"minecraft:leather_chestplate":1,"minecraft:fletching_table":1,"minecraft:sugar_cane":72,"minecraft:white_wool":13,"minecraft:sand":1,"minecraft:crafting_table":12,"minecraft:white_bed":12,"minecraft:smoker":1,"minecraft:gray_terracotta":7,"minecraft:dark_oak_log":31,"minecraft:brown_wool":1,"minecraft:iron_pickaxe":490,"minecraft:lectern":13,"minecraft:gravel":27,"minecraft:stone_axe":292,"minecraft:fishing_rod":1,"minecraft:cobblestone":94,"minecraft:cooked_porkchop":20,"minecraft:bucket":38,"minecraft:yellow_bed":6,"minecraft:dandelion":2,"minecraft:bone_meal":6},"minecraft:killed":{"minecraft:spider":1,"minecraft:skeleton":4,"minecraft:chicken":18,"minecraft:drowned":1,"minecraft:pig":13,"minecraft:creeper":1,"minecraft:sheep":34,"minecraft:zombie":10,"minecraft:cow":15},"minecraft:broken":{"minecraft:iron_shovel":6,"minecraft:wooden_pickaxe":1,"minecraft:stone_pickaxe":2,"minecraft:iron_axe":2,"minecraft:stone_axe":3,"minecraft:iron_pickaxe":1},"minecraft:mined":{"minecraft:dark_oak_planks":2,"minecraft:white_bed":11,"minecraft:mossy_cobblestone":4,"minecraft:dark_oak_leaves":5,"minecraft:oak_door":1,"minecraft:cobblestone_stairs":3,"minecraft:dark_oak_log":330,"minecraft:brewing_stand":1,"minecraft:grass_block":788,"minecraft:brick_stairs":2,"minecraft:spruce_leaves":1,"minecraft:hay_block":6,"minecraft:tall_seagrass":1,"minecraft:oak_trapdoor":8,"minecraft:furnace":3,"minecraft:black_glazed_terracotta":9,"minecraft:iron_ore":51,"minecraft:fire":16,"minecraft:bookshelf":8,"minecraft:dirt_path":110,"minecraft:oak_stairs":51,"minecraft:stone":320,"minecraft:white_wool":4,"minecraft:mud_brick_slab":1,"minecraft:gray_terracotta":7,"minecraft:glass_pane":4,"minecraft:dandelion":1,"minecraft:crafting_table":9,"minecraft:torch":7,"minecraft:lectern":13,"minecraft:tall_grass":12,"minecraft:copper_ore":2,"minecraft:cobblestone":45,"minecraft:sugar_cane":142,"minecraft:oak_planks":30,"minecraft:bricks":9,"minecraft:diorite":27,"minecraft:wall_torch":3,"minecraft:white_terracotta":1,"minecraft:brick_slab":2,"minecraft:birch_log":40,"minecraft:birch_leaves":2,"minecraft:yellow_bed":6,"minecraft:grass":168,"minecraft:oak_log":197,"minecraft:coal_ore":271,"minecraft:dark_oak_sapling":2,"minecraft:gravel":61,"minecraft:sand":1,"minecraft:dirt":685,"minecraft:netherrack":10,"minecraft:oak_leaves":43},"minecraft:custom":{"minecraft:interact_with_smithing_table":1,"minecraft:mob_kills":113,"minecraft:animals_bred":29,"minecraft:interact_with_crafting_table":35,"minecraft:bell_ring":2,"minecraft:leave_game":7,"minecraft:time_since_death":136497,"minecraft:climb_one_cm":6338,"minecraft:sprint_one_cm":1861591,"minecraft:walk_one_cm":955631,"minecraft:damage_blocked_by_shield":250,"minecraft:drop":7,"minecraft:talked_to_villager":58,"minecraft:play_time":426612,"minecraft:sneak_time":4508,"minecraft:deaths":1,"minecraft:walk_under_water_one_cm":28711,"minecraft:boat_one_cm":534879,"minecraft:jump":9535,"minecraft:walk_on_water_one_cm":65246,"minecraft:total_world_time":426612,"minecraft:interact_with_furnace":29,"minecraft:traded_with_villager":37,"minecraft:sleep_in_bed":13,"minecraft:time_since_rest":13633,"minecraft:damage_taken":4304,"minecraft:damage_dealt":11023,"minecraft:swim_one_cm":90621,"minecraft:fly_one_cm":1998533,"minecraft:open_chest":97,"minecraft:crouch_one_cm":8064,"minecraft:interact_with_smoker":29,"minecraft:fall_one_cm":238786}},"DataVersion":3465}