{"stats":{"minecraft:broken":{"minecraft:stone_pickaxe":1},"minecraft:custom":{"minecraft:interact_with_furnace":5,"minecraft:mob_kills":40,"minecraft:interact_with_crafting_table":13,"minecraft:leave_game":4,"minecraft:time_since_death":6503,"minecraft:sleep_in_bed":5,"minecraft:time_since_rest":5415,"minecraft:sprint_one_cm":582984,"minecraft:damage_taken":1778,"minecraft:walk_one_cm":264574,"minecraft:drop":8,"minecraft:damage_dealt":3340,"minecraft:swim_one_cm":60871,"minecraft:talked_to_villager":10,"minecraft:fly_one_cm":807362,"minecraft:open_chest":41,"minecraft:crouch_one_cm":437,"minecraft:play_time":131590,"minecraft:deaths":2,"minecraft:sneak_time":848,"minecraft:walk_under_water_one_cm":42857,"minecraft:boat_one_cm":298136,"minecraft:jump":3307,"minecraft:interact_with_brewingstand":1,"minecraft:interact_with_blast_furnace":5,"minecraft:walk_on_water_one_cm":39258,"minecraft:interact_with_smoker":16,"minecraft:total_world_time":131590,"minecraft:horse_one_cm":679,"minecraft:fall_one_cm":84713},"minecraft:mined":{"minecraft:dark_oak_planks":1,"minecraft:mossy_cobblestone":3,"minecraft:smoker":1,"minecraft:dark_oak_log":1,"minecraft:powder_snow":24,"minecraft:brewing_stand":1,"minecraft:crafting_table":3,"minecraft:dark_oak_fence":2,"minecraft:blast_furnace":1,"minecraft:grass_block":14,"minecraft:chest":1,"minecraft:tall_grass":18,"minecraft:cobblestone":29,"minecraft:sugar_cane":4,"minecraft:large_fern":4,"minecraft:tall_seagrass":5,"minecraft:iron_ore":4,"minecraft:fire":3,"minecraft:ice":4,"minecraft:spruce_log":16,"minecraft:yellow_bed":1,"minecraft:grass":28,"minecraft:oak_log":7,"minecraft:coal_ore":78,"minecraft:gravel":1,"minecraft:dirt":14,"minecraft:packed_ice":7,"minecraft:stone":41,"minecraft:oak_leaves":4,"minecraft:fern":1},"minecraft:picked_up":{"minecraft:iron_chestplate":1,"minecraft:crafting_table":4,"minecraft:wheat":17,"minecraft:feather":14,"minecraft:cooked_beef":21,"minecraft:chicken":12,"minecraft:water_bucket":1,"minecraft:suspicious_stew":2,"minecraft:leather_leggings":2,"minecraft:leather":14,"minecraft:wooden_pickaxe":1,"minecraft:smoker":1,"minecraft:filled_map":2,"minecraft:shield":1,"minecraft:flint":1,"minecraft:golden_boots":1,"minecraft:oak_log":7,"minecraft:brewing_stand":1,"minecraft:yellow_bed":1,"minecraft:dirt":20,"minecraft:paper":11,"minecraft:iron_axe":1,"minecraft:flint_and_steel":1,"minecraft:coast_armor_trim_smithing_template":2,"minecraft:wheat_seeds":5,"minecraft:beef":33,"minecraft:iron_ingot":10,"minecraft:stone_pickaxe":1,"minecraft:iron_pickaxe":1,"minecraft:sugar_cane":25,"minecraft:iron_sword":1,"minecraft:iron_boots":1,"minecraft:egg":3,"minecraft:book":3,"minecraft:stick":5,"minecraft:raw_iron":4,"minecraft:cooked_porkchop":18,"minecraft:torch":1,"minecraft:gravel":1,"minecraft:porkchop":24,"minecraft:spruce_sapling":2,"minecraft:blast_furnace":1,"minecraft:grass_block":1,"minecraft:spruce_log":26,"minecraft:mossy_cobblestone":9,"minecraft:dark_oak_log":1,"minecraft:leather_helmet":3,"minecraft:dark_oak_planks":1,"minecraft:arrow":1,"minecraft:rotten_flesh":7,"minecraft:spruce_boat":1,"minecraft:mutton":4,"minecraft:coal":128,"minecraft:white_wool":3,"minecraft:cobblestone":88,"minecraft:ender_pearl":1},"minecraft:killed_by":{"minecraft:drowned":1},"minecraft:used":{"minecraft:water_bucket":22,"minecraft:flint_and_steel":1,"minecraft:stone_pickaxe":131,"minecraft:chest":2,"minecraft:spruce_planks":1,"minecraft:wooden_pickaxe":5,"minecraft:iron_sword":80,"minecraft:cooked_chicken":4,"minecraft:torch":1,"minecraft:dirt":10,"minecraft:crafting_table":7,"minecraft:blast_furnace":1,"minecraft:smoker":2,"minecraft:spruce_boat":3,"minecraft:lava_bucket":15,"minecraft:iron_axe":14,"minecraft:bread":6,"minecraft:iron_pickaxe":29,"minecraft:suspicious_stew":2,"minecraft:iron_boots":1,"minecraft:cobblestone":47,"minecraft:bucket":38,"minecraft:yellow_bed":1,"minecraft:egg":3,"minecraft:cooked_beef":13},"minecraft:killed":{"minecraft:pig":9,"minecraft:spider":1,"minecraft:sheep":3,"minecraft:chicken":11,"minecraft:cow":16},"minecraft:dropped":{"minecraft:mossy_cobblestone":6,"minecraft:rotten_flesh":7,"minecraft:filled_map":1,"minecraft:wooden_pickaxe":1,"minecraft:dark_oak_planks":1,"minecraft:white_wool":3,"minecraft:spruce_sapling":2},"minecraft:crafted":{"minecraft:cooked_beef":33,"minecraft:oak_planks":28,"minecraft:cooked_porkchop":18,"minecraft:crafting_table":4,"minecraft:spruce_planks":32,"minecraft:wooden_pickaxe":1,"minecraft:cooked_chicken":4,"minecraft:iron_sword":1,"minecraft:furnace":1,"minecraft:bucket":1,"minecraft:air":0,"minecraft:flint_and_steel":1,"minecraft:iron_boots":1,"minecraft:iron_chestplate":1,"minecraft:shield":1,"minecraft:iron_axe":1,"minecraft:stick":12,"minecraft:iron_ingot":4,"minecraft:iron_pickaxe":1,"minecraft:stone_pickaxe":1,"minecraft:chest":2,"minecraft:spruce_boat":2,"minecraft:smoker":1}},"DataVersion":3465}