{"stats":{"minecraft:crafted":{"minecraft:oak_planks":526,"minecraft:dark_oak_boat":1,"minecraft:cooked_chicken":20,"minecraft:birch_boat":1,"minecraft:furnace":3,"minecraft:bone_meal":6,"minecraft:white_carpet":3,"minecraft:cooked_mutton":71,"minecraft:flint_and_steel":1,"minecraft:iron_boots":1,"minecraft:iron_axe":4,"minecraft:stone_pickaxe":2,"minecraft:chest":16,"minecraft:dark_oak_planks":1068,"minecraft:smoker":1,"minecraft:wheat":54,"minecraft:cooked_beef":47,"minecraft:emerald":35,"minecraft:cooked_porkchop":46,"minecraft:crafting_table":3,"minecraft:wooden_pickaxe":1,"minecraft:iron_helmet":1,"minecraft:iron_sword":1,"minecraft:fletching_table":1,"minecraft:birch_planks":164,"minecraft:bucket":1,"minecraft:stone_axe":3,"minecraft:enchanted_book":2,"minecraft:air":0,"minecraft:iron_chestplate":1,"minecraft:shield":1,"minecraft:stick":1404,"minecraft:iron_ingot":122,"minecraft:iron_pickaxe":4,"minecraft:iron_shovel":7,"minecraft:iron_leggings":1,"minecraft:white_bed":1,"minecraft:torch":536},"minecraft:killed_by":{"minecraft:zombie":1},"minecraft:dropped":{"minecraft:wheat_seeds":3,"minecraft:cobblestone":6,"minecraft:gray_wool":1,"minecraft:string":1,"minecraft:white_wool":13,"minecraft:kelp":3,"minecraft:white_terracotta":1,"minecraft:filled_map":1},"minecraft:picked_up":{"minecraft:fishing_rod":1,"minecraft:mud_brick_slab":1,"minecraft:crafting_table":14,"minecraft:chicken":21,"minecraft:pink_wool":1,"minecraft:oak_stairs":49,"minecraft:brewing_stand":1,"minecraft:shield":1,"minecraft:string":7,"minecraft:oak_trapdoor":8,"minecraft:raw_copper":22,"minecraft:black_glazed_terracotta":9,"minecraft:beef":47,"minecraft:poppy":1,"minecraft:iron_pickaxe":1,"minecraft:light_gray_wool":1,"minecraft:lectern":13,"minecraft:sugar_cane":433,"minecraft:birch_sapling":4,"minecraft:furnace":6,"minecraft:egg":22,"minecraft:dark_oak_sapling":82,"minecraft:stick":32,"minecraft:raw_iron":122,"minecraft:oak_door":1,"minecraft:torch":251,"minecraft:porkchop":50,"minecraft:diorite":28,"minecraft:dark_oak_planks":12,"minecraft:arrow":18,"minecraft:rotten_flesh":23,"minecraft:hay_block":6,"minecraft:white_terracotta":1,"minecraft:brick_stairs":2,"minecraft:mutton":81,"minecraft:cobblestone":401,"minecraft:white_wool":50,"minecraft:oxeye_daisy":1,"minecraft:birch_log":41,"minecraft:leather_chestplate":1,"minecraft:feather":23,"minecraft:cooked_beef":9,"minecraft:water_bucket":1,"minecraft:andesite":6,"minecraft:brown_wool":2,"minecraft:leather":25,"minecraft:dark_oak_boat":7,"minecraft:flint":6,"minecraft:oak_log":235,"minecraft:golden_boots":1,"minecraft:yellow_bed":6,"minecraft:gunpowder":4,"minecraft:cobblestone_stairs":3,"minecraft:lapis_lazuli":58,"minecraft:dirt":1652,"minecraft:cooked_mutton":22,"minecraft:bone":18,"minecraft:apple":14,"minecraft:bow":1,"minecraft:kelp":3,"minecraft:gray_terracotta":7,"minecraft:wheat_seeds":36,"minecraft:iron_ingot":3,"minecraft:cooked_chicken":12,"minecraft:bamboo":5,"minecraft:oak_planks":40,"minecraft:book":24,"minecraft:dandelion":3,"minecraft:gravel":54,"minecraft:sand":1,"minecraft:ink_sac":3,"minecraft:white_bed":11,"minecraft:dark_oak_log":587,"minecraft:spider_eye":3,"minecraft:brick_slab":2,"minecraft:stone_axe":1,"minecraft:golden_apple":1,"minecraft:gray_wool":4,"minecraft:oak_sapling":28,"minecraft:netherrack":10,"minecraft:black_wool":2,"minecraft:bricks":9,"minecraft:coal":532},"minecraft:used":{"minecraft:iron_shovel":1502,"minecraft:flint_and_steel":7,"minecraft:chest":16,"minecraft:shield":17,"minecraft:iron_sword":182,"minecraft:cooked_chicken":9,"minecraft:netherrack":10,"minecraft:torch":518,"minecraft:dirt":294,"minecraft:white_carpet":1,"minecraft:brick_slab":2,"minecraft:milk_bucket":1,"minecraft:dark_oak_planks":673,"minecraft:lava_bucket":13,"minecraft:bricks":9,"minecraft:iron_axe":877,"minecraft:brick_stairs":2,"minecraft:bow":4,"minecraft:dark_oak_boat":7,"minecraft:furnace":7,"minecraft:egg":21,"minecraft:cooked_beef":30,"minecraft:dark_oak_sapling":82,"minecraft:cooked_mutton":62,"minecraft:water_bucket":24,"minecraft:diorite":27,"minecraft:stone_pickaxe":263,"minecraft:mud_brick_slab":1,"minecraft:wooden_pickaxe":40,"minecraft:birch_boat":1,"minecraft:leather_chestplate":1,"minecraft:sugar_cane":72,"minecraft:fletching_table":1,"minecraft:white_wool":13,"minecraft:sand":1,"minecraft:crafting_table":15,"minecraft:white_bed":12,"minecraft:smoker":1,"minecraft:gray_terracotta":7,"minecraft:dark_oak_log":47,"minecraft:brown_wool":1,"minecraft:iron_pickaxe":771,"minecraft:lectern":13,"minecraft:gravel":27,"minecraft:stone_axe":292,"minecraft:fishing_rod":1,"minecraft:cobblestone":123,"minecraft:cooked_porkchop":20,"minecraft:andesite":2,"minecraft:bucket":38,"minecraft:yellow_bed":6,"minecraft:dandelion":2,"minecraft:bone_meal":6},"minecraft:killed":{"minecraft:spider":5,"minecraft:skeleton":8,"minecraft:chicken":21,"minecraft:drowned":1,"minecraft:pig":28,"minecraft:creeper":2,"minecraft:squid":1,"minecraft:sheep":52,"minecraft:zombie":24,"minecraft:cow":22},"minecraft:broken":{"minecraft:iron_shovel":6,"minecraft:leather_chestplate":1,"minecraft:wooden_pickaxe":1,"minecraft:stone_pickaxe":2,"minecraft:iron_axe":3,"minecraft:stone_axe":3,"minecraft:iron_pickaxe":3},"minecraft:mined":{"minecraft:dark_oak_planks":12,"minecraft:white_bed":11,"minecraft:mossy_cobblestone":4,"minecraft:dark_oak_leaves":15,"minecraft:oak_door":1,"minecraft:cobblestone_stairs":3,"minecraft:dark_oak_log":587,"minecraft:brewing_stand":1,"minecraft:grass_block":791,"minecraft:brick_stairs":2,"minecraft:spruce_leaves":1,"minecraft:hay_block":6,"minecraft:tall_seagrass":1,"minecraft:oak_trapdoor":8,"minecraft:furnace":5,"minecraft:black_glazed_terracotta":9,"minecraft:iron_ore":122,"minecraft:fire":16,"minecraft:andesite":2,"minecraft:bookshelf":8,"minecraft:dirt_path":110,"minecraft:oak_stairs":51,"minecraft:bamboo":1,"minecraft:stone":350,"minecraft:white_wool":4,"minecraft:mud_brick_slab":1,"minecraft:gray_terracotta":7,"minecraft:glass_pane":4,"minecraft:dandelion":1,"minecraft:crafting_table":13,"minecraft:torch":7,"minecraft:lectern":13,"minecraft:tall_grass":16,"minecraft:copper_ore":2,"minecraft:cobblestone":45,"minecraft:lapis_ore":8,"minecraft:sugar_cane":217,"minecraft:oak_planks":30,"minecraft:bricks":9,"minecraft:diorite":27,"minecraft:wall_torch":3,"minecraft:white_terracotta":1,"minecraft:brick_slab":2,"minecraft:birch_log":40,"minecraft:birch_leaves":2,"minecraft:yellow_bed":6,"minecraft:grass":214,"minecraft:oak_log":197,"minecraft:coal_ore":439,"minecraft:dark_oak_sapling":6,"minecraft:gravel":61,"minecraft:sand":1,"minecraft:dirt":686,"minecraft:netherrack":10,"minecraft:oak_leaves":50},"minecraft:custom":{"minecraft:interact_with_smithing_table":1,"minecraft:mob_kills":180,"minecraft:animals_bred":30,"minecraft:interact_with_crafting_table":41,"minecraft:bell_ring":6,"minecraft:leave_game":11,"minecraft:time_since_death":258918,"minecraft:climb_one_cm":7912,"minecraft:sprint_one_cm":2511591,"minecraft:walk_one_cm":1258398,"minecraft:damage_blocked_by_shield":475,"minecraft:drop":17,"minecraft:talked_to_villager":60,"minecraft:play_time":549033,"minecraft:sneak_time":6968,"minecraft:deaths":1,"minecraft:walk_under_water_one_cm":33738,"minecraft:boat_one_cm":534879,"minecraft:jump":12752,"minecraft:walk_on_water_one_cm":82992,"minecraft:total_world_time":549033,"minecraft:interact_with_furnace":49,"minecraft:traded_with_villager":37,"minecraft:sleep_in_bed":13,"minecraft:time_since_rest":136054,"minecraft:damage_taken":5928,"minecraft:damage_dealt":18790,"minecraft:swim_one_cm":128689,"minecraft:fly_one_cm":2658521,"minecraft:open_chest":160,"minecraft:crouch_one_cm":13903,"minecraft:interact_with_smoker":42,"minecraft:fall_one_cm":320865}},"DataVersion":3465}