{"stats":{"minecraft:crafted":{"minecraft:cooked_beef":12,"minecraft:oak_planks":88,"minecraft:stone_shovel":3,"minecraft:crafting_table":4,"minecraft:spruce_planks":88,"minecraft:birch_boat":2,"minecraft:wooden_pickaxe":3,"minecraft:iron_helmet":1,"minecraft:furnace":3,"minecraft:bucket":1,"minecraft:pink_dye":11,"minecraft:birch_planks":84,"minecraft:stone_axe":5,"minecraft:bread":75,"minecraft:cooked_mutton":35,"minecraft:oak_boat":2,"minecraft:iron_boots":1,"minecraft:pink_wool":11,"minecraft:stick":100,"minecraft:iron_ingot":4,"minecraft:stone_pickaxe":5,"minecraft:stone_sword":3,"minecraft:chest":2,"minecraft:oak_button":1,"minecraft:white_bed":4,"minecraft:spruce_boat":1,"minecraft:torch":56,"minecraft:wheat":225,"minecraft:smoker":1},"minecraft:killed_by":{"minecraft:zombie":1,"minecraft:drowned":1},"minecraft:dropped":{"minecraft:stone_axe":1,"minecraft:wheat_seeds":2,"minecraft:cobblestone":1,"minecraft:rotten_flesh":8,"minecraft:apple":14,"minecraft:white_bed":2,"minecraft:emerald":1,"minecraft:oak_button":2,"minecraft:brown_wool":2,"minecraft:oak_sapling":2,"minecraft:spider_eye":2,"minecraft:wooden_pickaxe":1,"minecraft:white_wool":2,"minecraft:spruce_sapling":2},"minecraft:picked_up":{"minecraft:birch_log":21,"minecraft:pink_petals":22,"minecraft:crafting_table":16,"minecraft:brown_wool":4,"minecraft:leather":7,"minecraft:smoker":7,"minecraft:potato":9,"minecraft:filled_map":1,"minecraft:oak_log":40,"minecraft:dirt":157,"minecraft:cooked_mutton":16,"minecraft:apple":28,"minecraft:wheat_seeds":3,"minecraft:bucket":1,"minecraft:spruce_planks":14,"minecraft:stone_pickaxe":1,"minecraft:beef":12,"minecraft:iron_nugget":17,"minecraft:poppy":1,"minecraft:spruce_slab":1,"minecraft:light_gray_wool":1,"minecraft:furnace":2,"minecraft:golden_helmet":1,"minecraft:stick":43,"minecraft:sandstone":22,"minecraft:torch":68,"minecraft:sand":161,"minecraft:jungle_planks":1,"minecraft:spruce_sapling":3,"minecraft:white_bed":4,"minecraft:spruce_log":38,"minecraft:spider_eye":3,"minecraft:stone_sword":1,"minecraft:stone_shovel":1,"minecraft:rotten_flesh":17,"minecraft:spruce_boat":2,"minecraft:stone_axe":2,"minecraft:jungle_stairs":1,"minecraft:hay_block":26,"minecraft:gray_wool":1,"minecraft:oak_button":1,"minecraft:oak_sapling":5,"minecraft:mutton":60,"minecraft:coal":253,"minecraft:white_wool":46,"minecraft:cobblestone":196,"minecraft:stripped_oak_log":2},"minecraft:used":{"minecraft:cooked_mutton":24,"minecraft:stone_sword":11,"minecraft:stone_shovel":170,"minecraft:stone_pickaxe":269,"minecraft:wooden_pickaxe":24,"minecraft:chest":2,"minecraft:birch_boat":2,"minecraft:rotten_flesh":1,"minecraft:torch":39,"minecraft:sand":3,"minecraft:dirt":76,"minecraft:crafting_table":17,"minecraft:white_bed":4,"minecraft:smoker":6,"minecraft:spruce_boat":1,"minecraft:bread":1,"minecraft:stone_axe":188,"minecraft:cobblestone":9,"minecraft:hay_block":1,"minecraft:furnace":3,"minecraft:oak_boat":2,"minecraft:stripped_oak_log":1},"minecraft:killed":{"minecraft:spider":1,"minecraft:sheep":36,"minecraft:zombie":6,"minecraft:cow":7},"minecraft:broken":{"minecraft:stone_pickaxe":1,"minecraft:stone_shovel":1},"minecraft:mined":{"minecraft:spruce_planks":1,"minecraft:white_bed":2,"minecraft:smoker":6,"minecraft:crafting_table":15,"minecraft:torch":4,"minecraft:jungle_stairs":1,"minecraft:grass_block":66,"minecraft:jungle_planks":1,"minecraft:cobblestone":6,"minecraft:spruce_leaves":2,"minecraft:sandstone":23,"minecraft:wall_torch":1,"minecraft:hay_block":26,"minecraft:furnace":1,"minecraft:birch_log":21,"minecraft:spruce_log":26,"minecraft:birch_leaves":4,"minecraft:grass":14,"minecraft:oak_log":40,"minecraft:coal_ore":111,"minecraft:dirt_path":4,"minecraft:sand":73,"minecraft:dirt":61,"minecraft:stripped_oak_log":2,"minecraft:stone":133,"minecraft:oak_leaves":31,"minecraft:spruce_slab":1},"minecraft:custom":{"minecraft:interact_with_furnace":14,"minecraft:mob_kills":50,"minecraft:interact_with_crafting_table":33,"minecraft:leave_game":1,"minecraft:time_since_death":34479,"minecraft:sleep_in_bed":5,"minecraft:time_since_rest":3331,"minecraft:sprint_one_cm":563636,"minecraft:damage_taken":1372,"minecraft:walk_one_cm":292956,"minecraft:drop":20,"minecraft:damage_dealt":4937,"minecraft:swim_one_cm":41738,"minecraft:fly_one_cm":161619,"minecraft:open_chest":32,"minecraft:crouch_one_cm":4497,"minecraft:play_time":183079,"minecraft:sneak_time":1064,"minecraft:deaths":2,"minecraft:walk_under_water_one_cm":19651,"minecraft:boat_one_cm":980029,"minecraft:jump":1364,"minecraft:walk_on_water_one_cm":12613,"minecraft:total_world_time":183079,"minecraft:interact_with_smoker":9,"minecraft:fall_one_cm":16687}},"DataVersion":3465}