{"stats":{"minecraft:crafted":{"minecraft:cooked_beef":12,"minecraft:oak_planks":44,"minecraft:stone_shovel":3,"minecraft:crafting_table":3,"minecraft:spruce_planks":28,"minecraft:birch_boat":2,"minecraft:wooden_pickaxe":2,"minecraft:furnace":2,"minecraft:birch_planks":84,"minecraft:stone_axe":4,"minecraft:cooked_mutton":31,"minecraft:oak_boat":1,"minecraft:stick":44,"minecraft:stone_pickaxe":4,"minecraft:stone_sword":2,"minecraft:chest":1,"minecraft:oak_button":1,"minecraft:white_bed":3,"minecraft:torch":4,"minecraft:smoker":1},"minecraft:killed_by":{"minecraft:drowned":1},"minecraft:dropped":{"minecraft:stone_axe":1,"minecraft:cobblestone":1,"minecraft:oak_button":2},"minecraft:picked_up":{"minecraft:stripped_oak_log":2,"minecraft:birch_log":21,"minecraft:crafting_table":8,"minecraft:leather":7,"minecraft:smoker":3,"minecraft:oak_log":29,"minecraft:dirt":51,"minecraft:beef":12,"minecraft:poppy":1,"minecraft:light_gray_wool":1,"minecraft:furnace":1,"minecraft:stick":6,"minecraft:torch":1,"minecraft:spruce_sapling":1,"minecraft:spruce_log":26,"minecraft:rotten_flesh":1,"minecraft:stone_axe":1,"minecraft:gray_wool":1,"minecraft:oak_button":1,"minecraft:oak_sapling":3,"minecraft:mutton":33,"minecraft:coal":122,"minecraft:white_wool":18,"minecraft:cobblestone":69},"minecraft:used":{"minecraft:cooked_mutton":13,"minecraft:stone_shovel":56,"minecraft:stone_pickaxe":144,"minecraft:wooden_pickaxe":19,"minecraft:chest":1,"minecraft:birch_boat":2,"minecraft:rotten_flesh":1,"minecraft:torch":3,"minecraft:dirt":6,"minecraft:crafting_table":9,"minecraft:white_bed":1,"minecraft:smoker":3,"minecraft:stone_axe":137,"minecraft:cobblestone":9,"minecraft:furnace":2,"minecraft:oak_boat":1,"minecraft:stripped_oak_log":1},"minecraft:killed":{"minecraft:sheep":20,"minecraft:zombie":2,"minecraft:cow":7},"minecraft:mined":{"minecraft:smoker":3,"minecraft:crafting_table":8,"minecraft:torch":1,"minecraft:grass_block":25,"minecraft:cobblestone":6,"minecraft:spruce_leaves":2,"minecraft:furnace":1,"minecraft:birch_log":21,"minecraft:spruce_log":26,"minecraft:birch_leaves":3,"minecraft:grass":4,"minecraft:coal_ore":84,"minecraft:oak_log":29,"minecraft:dirt_path":4,"minecraft:dirt":23,"minecraft:stripped_oak_log":2,"minecraft:stone":63,"minecraft:oak_leaves":29},"minecraft:custom":{"minecraft:interact_with_furnace":14,"minecraft:mob_kills":29,"minecraft:interact_with_crafting_table":23,"minecraft:time_since_death":23767,"minecraft:time_since_rest":23954,"minecraft:sprint_one_cm":294098,"minecraft:damage_taken":582,"minecraft:walk_one_cm":164234,"minecraft:drop":4,"minecraft:damage_dealt":2700,"minecraft:swim_one_cm":31836,"minecraft:fly_one_cm":95403,"minecraft:open_chest":10,"minecraft:crouch_one_cm":235,"minecraft:play_time":63516,"minecraft:deaths":1,"minecraft:sneak_time":108,"minecraft:walk_under_water_one_cm":7040,"minecraft:boat_one_cm":197773,"minecraft:jump":767,"minecraft:walk_on_water_one_cm":7273,"minecraft:total_world_time":63516,"minecraft:interact_with_smoker":6,"minecraft:fall_one_cm":9547}},"DataVersion":3465}