{"stats":{"minecraft:crafted":{"minecraft:oak_planks":88,"minecraft:stone_shovel":5,"minecraft:birch_boat":2,"minecraft:furnace":3,"minecraft:pink_dye":11,"minecraft:cooked_mutton":35,"minecraft:iron_boots":1,"minecraft:stone_pickaxe":6,"minecraft:chest":2,"minecraft:oak_button":1,"minecraft:spruce_boat":1,"minecraft:smoker":1,"minecraft:wheat":225,"minecraft:cooked_beef":12,"minecraft:crafting_table":4,"minecraft:spruce_planks":88,"minecraft:wooden_pickaxe":3,"minecraft:iron_helmet":1,"minecraft:bucket":1,"minecraft:birch_planks":84,"minecraft:pumpkin_seeds":12,"minecraft:stone_axe":5,"minecraft:bread":75,"minecraft:oak_boat":3,"minecraft:iron_chestplate":1,"minecraft:pink_wool":11,"minecraft:gold_nugget":27,"minecraft:shield":1,"minecraft:stick":100,"minecraft:iron_ingot":6,"minecraft:stone_sword":3,"minecraft:iron_leggings":1,"minecraft:white_bed":4,"minecraft:torch":56},"minecraft:killed_by":{"minecraft:drowned":1,"minecraft:zombie":1},"minecraft:dropped":{"minecraft:wheat_seeds":2,"minecraft:feather":2,"minecraft:cobblestone":3,"minecraft:apple":14,"minecraft:emerald":1,"minecraft:brown_wool":2,"minecraft:sand":9,"minecraft:white_wool":2,"minecraft:spruce_sapling":2,"minecraft:stone_axe":1,"minecraft:kelp":3,"minecraft:rotten_flesh":8,"minecraft:white_bed":2,"minecraft:oak_button":2,"minecraft:oak_sapling":2,"minecraft:spider_eye":2,"minecraft:wooden_pickaxe":1},"minecraft:picked_up":{"minecraft:crafting_table":18,"minecraft:chicken":1,"minecraft:bucket":1,"minecraft:spruce_planks":14,"minecraft:beef":12,"minecraft:oak_boat":3,"minecraft:iron_nugget":17,"minecraft:poppy":1,"minecraft:light_gray_wool":1,"minecraft:spruce_slab":1,"minecraft:sugar_cane":4,"minecraft:furnace":3,"minecraft:golden_helmet":1,"minecraft:stick":43,"minecraft:sandstone":89,"minecraft:torch":74,"minecraft:stone_sword":1,"minecraft:rotten_flesh":18,"minecraft:stone_shovel":1,"minecraft:jungle_stairs":1,"minecraft:hay_block":26,"minecraft:mutton":60,"minecraft:cobblestone":229,"minecraft:cod":4,"minecraft:white_wool":46,"minecraft:stripped_oak_log":2,"minecraft:birch_log":21,"minecraft:pink_petals":22,"minecraft:feather":2,"minecraft:leather":7,"minecraft:brown_wool":4,"minecraft:smoker":8,"minecraft:potato":9,"minecraft:filled_map":1,"minecraft:oak_log":40,"minecraft:dirt":158,"minecraft:cooked_mutton":16,"minecraft:apple":28,"minecraft:kelp":3,"minecraft:wheat_seeds":4,"minecraft:stone_pickaxe":1,"minecraft:pumpkin":3,"minecraft:jungle_planks":1,"minecraft:sand":200,"minecraft:spruce_sapling":3,"minecraft:white_bed":7,"minecraft:spruce_log":38,"minecraft:spider_eye":3,"minecraft:stone_axe":2,"minecraft:spruce_boat":2,"minecraft:gray_wool":1,"minecraft:oak_button":1,"minecraft:oak_sapling":5,"minecraft:coal":253},"minecraft:used":{"minecraft:stone_sword":11,"minecraft:stone_shovel":197,"minecraft:chest":2,"minecraft:rotten_flesh":1,"minecraft:torch":39,"minecraft:dirt":76,"minecraft:spruce_boat":2,"minecraft:hay_block":1,"minecraft:furnace":4,"minecraft:cooked_mutton":29,"minecraft:stone_pickaxe":372,"minecraft:birch_boat":2,"minecraft:wooden_pickaxe":24,"minecraft:sandstone":6,"minecraft:sand":3,"minecraft:crafting_table":19,"minecraft:white_bed":6,"minecraft:smoker":6,"minecraft:bread":1,"minecraft:stone_axe":192,"minecraft:fishing_rod":10,"minecraft:cobblestone":9,"minecraft:oak_boat":5,"minecraft:stripped_oak_log":1},"minecraft:killed":{"minecraft:spider":1,"minecraft:sheep":36,"minecraft:zombie":6,"minecraft:cow":7},"minecraft:broken":{"minecraft:stone_pickaxe":2,"minecraft:stone_shovel":1},"minecraft:mined":{"minecraft:spruce_planks":1,"minecraft:white_bed":5,"minecraft:grass_block":67,"minecraft:jungle_planks":1,"minecraft:spruce_leaves":2,"minecraft:sandstone":89,"minecraft:hay_block":26,"minecraft:furnace":2,"minecraft:pumpkin":3,"minecraft:dirt_path":4,"minecraft:stripped_oak_log":2,"minecraft:stone":168,"minecraft:spruce_slab":1,"minecraft:smoker":7,"minecraft:crafting_table":17,"minecraft:torch":4,"minecraft:jungle_stairs":1,"minecraft:cobblestone":6,"minecraft:wall_torch":1,"minecraft:birch_log":21,"minecraft:spruce_log":26,"minecraft:birch_leaves":4,"minecraft:grass":16,"minecraft:coal_ore":111,"minecraft:oak_log":40,"minecraft:dirt":61,"minecraft:sand":100,"minecraft:oak_leaves":31},"minecraft:custom":{"minecraft:mob_kills":50,"minecraft:interact_with_crafting_table":43,"minecraft:leave_game":1,"minecraft:time_since_death":70479,"minecraft:climb_one_cm":626,"minecraft:sprint_one_cm":714479,"minecraft:walk_one_cm":344881,"minecraft:drop":36,"minecraft:play_time":219079,"minecraft:deaths":2,"minecraft:sneak_time":1101,"minecraft:walk_under_water_one_cm":27329,"minecraft:boat_one_cm":1273601,"minecraft:jump":1885,"minecraft:walk_on_water_one_cm":17865,"minecraft:total_world_time":219079,"minecraft:interact_with_furnace":14,"minecraft:sleep_in_bed":7,"minecraft:time_since_rest":11289,"minecraft:damage_taken":1422,"minecraft:damage_dealt":4937,"minecraft:swim_one_cm":47671,"minecraft:fly_one_cm":299930,"minecraft:open_chest":46,"minecraft:crouch_one_cm":4582,"minecraft:interact_with_smoker":9,"minecraft:fish_caught":4,"minecraft:fall_one_cm":29617}},"DataVersion":3465}