{"stats":{"minecraft:crafted":{"minecraft:smooth_stone":8,"minecraft:oak_planks":404,"minecraft:raw_iron":63,"minecraft:stone_shovel":5,"minecraft:iron_nugget":2,"minecraft:birch_boat":2,"minecraft:furnace":8,"minecraft:blast_furnace":1,"minecraft:stone":8,"minecraft:bone_meal":51,"minecraft:pink_dye":11,"minecraft:cooked_mutton":39,"minecraft:glass":100,"minecraft:diamond_helmet":1,"minecraft:iron_boots":1,"minecraft:iron_axe":4,"minecraft:iron_hoe":2,"minecraft:stone_pickaxe":7,"minecraft:chest":7,"minecraft:diamond_boots":1,"minecraft:oak_button":1,"minecraft:spruce_boat":1,"minecraft:jungle_stairs":8,"minecraft:smoker":1,"minecraft:raw_iron_block":7,"minecraft:wheat":405,"minecraft:cooked_beef":12,"minecraft:oak_slab":6,"minecraft:crafting_table":7,"minecraft:spruce_planks":156,"minecraft:wooden_pickaxe":3,"minecraft:iron_helmet":1,"minecraft:iron_sword":1,"minecraft:spruce_door":3,"minecraft:pumpkin_seeds":12,"minecraft:bucket":2,"minecraft:birch_planks":104,"minecraft:stone_axe":5,"minecraft:jungle_slab":42,"minecraft:bread":156,"minecraft:jungle_planks":48,"minecraft:oak_fence_gate":2,"minecraft:oak_boat":5,"minecraft:jungle_door":3,"minecraft:iron_chestplate":1,"minecraft:pink_wool":11,"minecraft:charcoal":64,"minecraft:gold_nugget":27,"minecraft:shield":1,"minecraft:stick":268,"minecraft:oak_stairs":12,"minecraft:iron_ingot":181,"minecraft:iron_pickaxe":3,"minecraft:iron_block":16,"minecraft:stone_sword":3,"minecraft:gold_ingot":13,"minecraft:iron_shovel":4,"minecraft:iron_leggings":1,"minecraft:white_bed":5,"minecraft:torch":848,"minecraft:diamond_chestplate":1},"minecraft:killed_by":{"minecraft:drowned":1,"minecraft:zombie":1},"minecraft:dropped":{"minecraft:bread":1,"minecraft:wheat_seeds":4,"minecraft:glow_ink_sac":3,"minecraft:feather":2,"minecraft:cobblestone":3,"minecraft:apple":16,"minecraft:copper_ingot":1,"minecraft:emerald":1,"minecraft:dirt":1,"minecraft:torch":2,"minecraft:brown_wool":2,"minecraft:sand":9,"minecraft:iron_axe":1,"minecraft:iron_pickaxe":1,"minecraft:string":4,"minecraft:fishing_rod":1,"minecraft:white_wool":2,"minecraft:redstone":4,"minecraft:spruce_sapling":2,"minecraft:gravel":1,"minecraft:stone_axe":2,"minecraft:kelp":4,"minecraft:tuff":2,"minecraft:rotten_flesh":24,"minecraft:white_bed":2,"minecraft:oak_button":2,"minecraft:oak_sapling":2,"minecraft:spider_eye":3,"minecraft:stone_pickaxe":1,"minecraft:wooden_pickaxe":1,"minecraft:egg":2},"minecraft:picked_up":{"minecraft:crafting_table":30,"minecraft:wheat":224,"minecraft:azure_bluet":1,"minecraft:chicken":1,"minecraft:oak_stairs":9,"minecraft:shield":1,"minecraft:cornflower":2,"minecraft:string":53,"minecraft:iron_axe":3,"minecraft:iron_leggings":1,"minecraft:iron_shovel":1,"minecraft:cobbled_deepslate":99,"minecraft:bucket":2,"minecraft:spruce_planks":65,"minecraft:beef":12,"minecraft:oak_boat":6,"minecraft:iron_pickaxe":3,"minecraft:jungle_sapling":6,"minecraft:iron_nugget":17,"minecraft:poppy":2,"minecraft:light_gray_wool":1,"minecraft:spruce_slab":1,"minecraft:sugar_cane":118,"minecraft:furnace":4,"minecraft:egg":3,"minecraft:golden_helmet":1,"minecraft:raw_iron":168,"minecraft:stick":139,"minecraft:sandstone":89,"minecraft:copper_ingot":1,"minecraft:oak_fence":3,"minecraft:torch":136,"minecraft:spruce_stairs":2,"minecraft:diorite":13,"minecraft:carrot":120,"minecraft:redstone":7,"minecraft:dark_oak_planks":1,"minecraft:stone_shovel":1,"minecraft:stone_sword":1,"minecraft:arrow":12,"minecraft:rotten_flesh":83,"minecraft:diamond_chestplate":1,"minecraft:jungle_stairs":6,"minecraft:diamond_boots":1,"minecraft:hay_block":46,"minecraft:oxeye_daisy":1,"minecraft:mutton":64,"minecraft:cod":4,"minecraft:rail":11,"minecraft:white_wool":49,"minecraft:cobblestone":483,"minecraft:stripped_oak_log":2,"minecraft:birch_log":29,"minecraft:pink_petals":22,"minecraft:feather":2,"minecraft:glow_ink_sac":3,"minecraft:jungle_log":308,"minecraft:andesite":5,"minecraft:leather":7,"minecraft:brown_wool":4,"minecraft:smoker":11,"minecraft:potato":136,"minecraft:filled_map":1,"minecraft:flint":1,"minecraft:tuff":3,"minecraft:oak_log":125,"minecraft:yellow_bed":5,"minecraft:gunpowder":31,"minecraft:lapis_lazuli":20,"minecraft:dirt":1110,"minecraft:cooked_mutton":27,"minecraft:bone":14,"minecraft:apple":31,"minecraft:kelp":4,"minecraft:bow":1,"minecraft:wheat_seeds":768,"minecraft:raw_gold":13,"minecraft:iron_ingot":12,"minecraft:oak_fence_gate":3,"minecraft:stone_pickaxe":2,"minecraft:oak_planks":120,"minecraft:iron_sword":1,"minecraft:pumpkin":3,"minecraft:dandelion":7,"minecraft:gravel":18,"minecraft:sand":434,"minecraft:jungle_planks":1,"minecraft:stripped_spruce_log":1,"minecraft:spruce_sapling":27,"minecraft:jungle_slab":2,"minecraft:spruce_log":164,"minecraft:white_bed":26,"minecraft:grass_block":1,"minecraft:spider_eye":6,"minecraft:spruce_door":4,"minecraft:mossy_cobblestone":1,"minecraft:iron_hoe":1,"minecraft:diamond":14,"minecraft:stone_axe":3,"minecraft:spruce_boat":2,"minecraft:iron_helmet":1,"minecraft:gray_wool":1,"minecraft:bread":83,"minecraft:oak_button":1,"minecraft:oak_sapling":10,"minecraft:coal":474},"minecraft:used":{"minecraft:stone_sword":116,"minecraft:iron_shovel":766,"minecraft:stone_shovel":441,"minecraft:chest":7,"minecraft:spruce_planks":117,"minecraft:shield":74,"minecraft:iron_sword":88,"minecraft:rotten_flesh":2,"minecraft:torch":661,"minecraft:dirt":525,"minecraft:carrot":125,"minecraft:jungle_slab":22,"minecraft:oak_fence_gate":3,"minecraft:glass":100,"minecraft:spruce_boat":2,"minecraft:jungle_sapling":4,"minecraft:iron_hoe":447,"minecraft:lava_bucket":5,"minecraft:iron_axe":657,"minecraft:oak_stairs":13,"minecraft:hay_block":1,"minecraft:oak_sapling":7,"minecraft:furnace":9,"minecraft:egg":1,"minecraft:potato":135,"minecraft:cobbled_deepslate":30,"minecraft:wheat_seeds":383,"minecraft:cooked_mutton":45,"minecraft:water_bucket":19,"minecraft:diorite":2,"minecraft:spruce_door":7,"minecraft:stone_pickaxe":598,"minecraft:oak_planks":224,"minecraft:wooden_pickaxe":24,"minecraft:birch_boat":2,"minecraft:sandstone":70,"minecraft:sugar_cane":40,"minecraft:golden_apple":1,"minecraft:sand":30,"minecraft:blast_furnace":1,"minecraft:crafting_table":34,"minecraft:white_bed":27,"minecraft:spruce_log":107,"minecraft:smoker":9,"minecraft:oak_log":6,"minecraft:cornflower":1,"minecraft:iron_pickaxe":506,"minecraft:bread":99,"minecraft:jungle_stairs":10,"minecraft:spruce_sapling":24,"minecraft:stone_axe":432,"minecraft:fishing_rod":10,"minecraft:cobblestone":76,"minecraft:jungle_door":3,"minecraft:bucket":26,"minecraft:birch_log":2,"minecraft:yellow_bed":5,"minecraft:oak_boat":9,"minecraft:stripped_oak_log":1,"minecraft:bone_meal":27},"minecraft:killed":{"minecraft:cave_spider":2,"minecraft:witch":1,"minecraft:spider":7,"minecraft:skeleton":13,"minecraft:drowned":2,"minecraft:creeper":4,"minecraft:sheep":39,"minecraft:zombie":41,"minecraft:cow":7},"minecraft:broken":{"minecraft:iron_shovel":3,"minecraft:stone_sword":1,"minecraft:stone_pickaxe":4,"minecraft:iron_axe":2,"minecraft:stone_axe":2,"minecraft:iron_pickaxe":2,"minecraft:stone_shovel":3,"minecraft:iron_hoe":1},"minecraft:mined":{"minecraft:dark_oak_planks":1,"minecraft:tuff":10,"minecraft:spruce_planks":52,"minecraft:white_bed":25,"minecraft:mossy_cobblestone":2,"minecraft:deepslate_diamond_ore":14,"minecraft:jungle_slab":2,"minecraft:jungle_leaves":29,"minecraft:glow_lichen":1,"minecraft:grass_block":742,"minecraft:jungle_planks":1,"minecraft:jungle_log":201,"minecraft:spruce_leaves":19,"minecraft:sandstone":89,"minecraft:spawner":3,"minecraft:hay_block":47,"minecraft:tall_seagrass":1,"minecraft:carrots":54,"minecraft:spruce_sapling":4,"minecraft:furnace":3,"minecraft:iron_ore":138,"minecraft:andesite":20,"minecraft:stripped_spruce_log":1,"minecraft:pumpkin":3,"minecraft:azure_bluet":1,"minecraft:oak_stairs":9,"minecraft:potatoes":48,"minecraft:dirt_path":31,"minecraft:vine":20,"minecraft:deepslate_iron_ore":31,"minecraft:rail":3,"minecraft:stripped_oak_log":2,"minecraft:stone":362,"minecraft:spruce_slab":1,"minecraft:smoker":9,"minecraft:dandelion":3,"minecraft:spruce_door":4,"minecraft:cornflower":1,"minecraft:crafting_table":28,"minecraft:torch":14,"minecraft:jungle_stairs":6,"minecraft:tall_grass":47,"minecraft:glass":11,"minecraft:cobblestone":9,"minecraft:deepslate_gold_ore":10,"minecraft:lapis_ore":4,"minecraft:oak_planks":82,"minecraft:sugar_cane":67,"minecraft:diorite":11,"minecraft:wall_torch":24,"minecraft:spruce_stairs":2,"minecraft:birch_log":29,"minecraft:wheat":360,"minecraft:spruce_log":156,"minecraft:birch_leaves":5,"minecraft:yellow_bed":6,"minecraft:grass":288,"minecraft:coal_ore":275,"minecraft:oak_log":129,"minecraft:oak_fence_gate":1,"minecraft:gravel":12,"minecraft:dirt":147,"minecraft:sand":348,"minecraft:dripstone_block":1,"minecraft:cobweb":43,"minecraft:gold_ore":3,"minecraft:oak_leaves":86,"minecraft:deepslate":100},"minecraft:custom":{"minecraft:mob_kills":118,"minecraft:animals_bred":46,"minecraft:interact_with_crafting_table":109,"minecraft:leave_game":9,"minecraft:time_since_death":174494,"minecraft:climb_one_cm":3175,"minecraft:sprint_one_cm":3574931,"minecraft:walk_one_cm":2533098,"minecraft:damage_blocked_by_shield":2155,"minecraft:drop":72,"minecraft:talked_to_villager":11,"minecraft:play_time":873363,"minecraft:sneak_time":9215,"minecraft:deaths":3,"minecraft:walk_under_water_one_cm":84712,"minecraft:boat_one_cm":1798221,"minecraft:jump":7602,"minecraft:interact_with_blast_furnace":4,"minecraft:walk_on_water_one_cm":77799,"minecraft:total_world_time":873363,"minecraft:interact_with_furnace":61,"minecraft:sleep_in_bed":28,"minecraft:time_since_rest":64095,"minecraft:damage_taken":3745,"minecraft:damage_dealt":17502,"minecraft:swim_one_cm":171684,"minecraft:fly_one_cm":1230727,"minecraft:open_chest":147,"minecraft:crouch_one_cm":26800,"minecraft:fish_caught":4,"minecraft:interact_with_smoker":15,"minecraft:fall_one_cm":128557}},"DataVersion":3465}