{"stats":{"minecraft:crafted":{"minecraft:cooked_beef":12,"minecraft:oak_planks":68,"minecraft:stone_shovel":3,"minecraft:crafting_table":4,"minecraft:spruce_planks":40,"minecraft:birch_boat":2,"minecraft:wooden_pickaxe":3,"minecraft:furnace":3,"minecraft:bucket":1,"minecraft:birch_planks":84,"minecraft:stone_axe":5,"minecraft:bread":75,"minecraft:cooked_mutton":35,"minecraft:oak_boat":2,"minecraft:stick":96,"minecraft:iron_ingot":3,"minecraft:stone_pickaxe":5,"minecraft:stone_sword":3,"minecraft:chest":1,"minecraft:oak_button":1,"minecraft:white_bed":3,"minecraft:spruce_boat":1,"minecraft:torch":56,"minecraft:wheat":225,"minecraft:smoker":1},"minecraft:killed_by":{"minecraft:zombie":1,"minecraft:drowned":1},"minecraft:dropped":{"minecraft:stone_axe":1,"minecraft:cobblestone":1,"minecraft:oak_button":2,"minecraft:wooden_pickaxe":1},"minecraft:picked_up":{"minecraft:stripped_oak_log":2,"minecraft:birch_log":21,"minecraft:pink_petals":11,"minecraft:crafting_table":14,"minecraft:leather":7,"minecraft:smoker":6,"minecraft:oak_log":35,"minecraft:dirt":128,"minecraft:cooked_mutton":10,"minecraft:wheat_seeds":1,"minecraft:beef":12,"minecraft:poppy":1,"minecraft:spruce_slab":1,"minecraft:light_gray_wool":1,"minecraft:furnace":1,"minecraft:stick":6,"minecraft:torch":2,"minecraft:sand":3,"minecraft:spruce_sapling":1,"minecraft:white_bed":2,"minecraft:spruce_log":26,"minecraft:spider_eye":1,"minecraft:rotten_flesh":9,"minecraft:spruce_boat":1,"minecraft:stone_axe":1,"minecraft:hay_block":26,"minecraft:gray_wool":1,"minecraft:oak_button":1,"minecraft:oak_sapling":3,"minecraft:mutton":49,"minecraft:coal":190,"minecraft:white_wool":28,"minecraft:cobblestone":139},"minecraft:used":{"minecraft:cooked_mutton":24,"minecraft:stone_sword":11,"minecraft:stone_shovel":136,"minecraft:stone_pickaxe":243,"minecraft:wooden_pickaxe":24,"minecraft:chest":1,"minecraft:birch_boat":2,"minecraft:rotten_flesh":1,"minecraft:torch":11,"minecraft:dirt":76,"minecraft:crafting_table":15,"minecraft:white_bed":3,"minecraft:smoker":5,"minecraft:spruce_boat":1,"minecraft:bread":1,"minecraft:stone_axe":169,"minecraft:cobblestone":9,"minecraft:hay_block":1,"minecraft:furnace":2,"minecraft:oak_boat":2,"minecraft:stripped_oak_log":1},"minecraft:killed":{"minecraft:spider":1,"minecraft:sheep":30,"minecraft:zombie":6,"minecraft:cow":7},"minecraft:broken":{"minecraft:stone_pickaxe":1},"minecraft:mined":{"minecraft:white_bed":2,"minecraft:smoker":6,"minecraft:crafting_table":14,"minecraft:torch":2,"minecraft:grass_block":66,"minecraft:cobblestone":6,"minecraft:spruce_leaves":2,"minecraft:hay_block":26,"minecraft:furnace":1,"minecraft:birch_log":21,"minecraft:spruce_log":26,"minecraft:birch_leaves":4,"minecraft:grass":12,"minecraft:coal_ore":111,"minecraft:oak_log":35,"minecraft:dirt_path":4,"minecraft:sand":3,"minecraft:dirt":61,"minecraft:stripped_oak_log":2,"minecraft:stone":133,"minecraft:spruce_slab":1,"minecraft:oak_leaves":30},"minecraft:custom":{"minecraft:interact_with_furnace":14,"minecraft:mob_kills":44,"minecraft:interact_with_crafting_table":31,"minecraft:time_since_death":10916,"minecraft:sleep_in_bed":4,"minecraft:time_since_rest":8724,"minecraft:sprint_one_cm":538584,"minecraft:damage_taken":1372,"minecraft:walk_one_cm":262101,"minecraft:drop":5,"minecraft:damage_dealt":4457,"minecraft:swim_one_cm":39107,"minecraft:fly_one_cm":158142,"minecraft:open_chest":27,"minecraft:crouch_one_cm":4381,"minecraft:play_time":159516,"minecraft:deaths":2,"minecraft:sneak_time":1057,"minecraft:walk_under_water_one_cm":19408,"minecraft:boat_one_cm":583222,"minecraft:jump":1313,"minecraft:walk_on_water_one_cm":11901,"minecraft:total_world_time":159516,"minecraft:interact_with_smoker":9,"minecraft:fall_one_cm":16000}},"DataVersion":3465}