{"stats":{"minecraft:crafted":{"minecraft:oak_planks":20,"minecraft:stone_shovel":2,"minecraft:crafting_table":1,"minecraft:stick":24,"minecraft:wooden_pickaxe":1,"minecraft:birch_boat":1,"minecraft:stone_pickaxe":2,"minecraft:chest":1,"minecraft:stone_sword":1,"minecraft:furnace":1,"minecraft:white_bed":2,"minecraft:birch_planks":84,"minecraft:stone_axe":2,"minecraft:cooked_mutton":16,"minecraft:cooked_beef":1},"minecraft:dropped":{"minecraft:stone_axe":1,"minecraft:cobblestone":1},"minecraft:picked_up":{"minecraft:stripped_oak_log":2,"minecraft:birch_log":21,"minecraft:stick":1,"minecraft:crafting_table":3,"minecraft:leather":7,"minecraft:oak_log":23,"minecraft:dirt":6,"minecraft:stone_axe":1,"minecraft:beef":12,"minecraft:gray_wool":1,"minecraft:light_gray_wool":1,"minecraft:oak_sapling":1,"minecraft:mutton":16,"minecraft:coal":2,"minecraft:white_wool":8,"minecraft:cobblestone":36},"minecraft:used":{"minecraft:cooked_mutton":3,"minecraft:stone_pickaxe":32,"minecraft:chest":1,"minecraft:birch_boat":1,"minecraft:wooden_pickaxe":6,"minecraft:stone_axe":85,"minecraft:dirt":5,"minecraft:cobblestone":6,"minecraft:crafting_table":4,"minecraft:furnace":1,"minecraft:white_bed":1,"minecraft:stripped_oak_log":1},"minecraft:killed":{"minecraft:sheep":10,"minecraft:cow":7},"minecraft:mined":{"minecraft:birch_log":21,"minecraft:birch_leaves":3,"minecraft:crafting_table":3,"minecraft:grass":3,"minecraft:oak_log":23,"minecraft:grass_block":6,"minecraft:coal_ore":2,"minecraft:dirt":1,"minecraft:stripped_oak_log":2,"minecraft:cobblestone":6,"minecraft:stone":30,"minecraft:oak_leaves":12},"minecraft:custom":{"minecraft:time_since_rest":21516,"minecraft:interact_with_furnace":8,"minecraft:sprint_one_cm":34329,"minecraft:walk_one_cm":75312,"minecraft:damage_taken":190,"minecraft:mob_kills":17,"minecraft:drop":2,"minecraft:damage_dealt":1500,"minecraft:interact_with_crafting_table":8,"minecraft:swim_one_cm":16232,"minecraft:fly_one_cm":11365,"minecraft:open_chest":1,"minecraft:crouch_one_cm":197,"minecraft:play_time":21516,"minecraft:sneak_time":39,"minecraft:walk_under_water_one_cm":1817,"minecraft:boat_one_cm":21808,"minecraft:jump":197,"minecraft:walk_on_water_one_cm":1572,"minecraft:time_since_death":21516,"minecraft:total_world_time":21516,"minecraft:fall_one_cm":2973}},"DataVersion":3465}