{"stats":{"minecraft:crafted":{"minecraft:cooked_beef":12,"minecraft:oak_planks":44,"minecraft:stone_shovel":3,"minecraft:crafting_table":3,"minecraft:spruce_planks":40,"minecraft:birch_boat":2,"minecraft:wooden_pickaxe":2,"minecraft:furnace":2,"minecraft:birch_planks":84,"minecraft:stone_axe":4,"minecraft:cooked_mutton":33,"minecraft:oak_boat":1,"minecraft:stick":84,"minecraft:stone_pickaxe":5,"minecraft:stone_sword":2,"minecraft:chest":1,"minecraft:oak_button":1,"minecraft:white_bed":3,"minecraft:spruce_boat":1,"minecraft:torch":52,"minecraft:smoker":1},"minecraft:killed_by":{"minecraft:drowned":1},"minecraft:dropped":{"minecraft:stone_axe":1,"minecraft:cobblestone":1,"minecraft:oak_button":2},"minecraft:picked_up":{"minecraft:stripped_oak_log":2,"minecraft:birch_log":21,"minecraft:crafting_table":9,"minecraft:leather":7,"minecraft:smoker":5,"minecraft:oak_log":29,"minecraft:dirt":120,"minecraft:cooked_mutton":10,"minecraft:wheat_seeds":1,"minecraft:beef":12,"minecraft:poppy":1,"minecraft:light_gray_wool":1,"minecraft:furnace":1,"minecraft:stick":6,"minecraft:torch":2,"minecraft:spruce_sapling":1,"minecraft:white_bed":1,"minecraft:spruce_log":26,"minecraft:spider_eye":1,"minecraft:rotten_flesh":1,"minecraft:stone_axe":1,"minecraft:gray_wool":1,"minecraft:oak_button":1,"minecraft:oak_sapling":3,"minecraft:mutton":45,"minecraft:coal":190,"minecraft:white_wool":25,"minecraft:cobblestone":134},"minecraft:used":{"minecraft:cooked_mutton":21,"minecraft:stone_shovel":125,"minecraft:stone_pickaxe":242,"minecraft:wooden_pickaxe":19,"minecraft:chest":1,"minecraft:birch_boat":2,"minecraft:rotten_flesh":1,"minecraft:torch":8,"minecraft:dirt":76,"minecraft:crafting_table":11,"minecraft:white_bed":2,"minecraft:smoker":4,"minecraft:stone_axe":154,"minecraft:cobblestone":9,"minecraft:furnace":2,"minecraft:oak_boat":1,"minecraft:stripped_oak_log":1},"minecraft:killed":{"minecraft:spider":1,"minecraft:sheep":27,"minecraft:zombie":2,"minecraft:cow":7},"minecraft:broken":{"minecraft:stone_pickaxe":1},"minecraft:mined":{"minecraft:white_bed":1,"minecraft:smoker":5,"minecraft:crafting_table":9,"minecraft:torch":2,"minecraft:grass_block":62,"minecraft:cobblestone":6,"minecraft:spruce_leaves":2,"minecraft:furnace":1,"minecraft:birch_log":21,"minecraft:spruce_log":26,"minecraft:birch_leaves":4,"minecraft:grass":10,"minecraft:coal_ore":111,"minecraft:oak_log":29,"minecraft:dirt_path":4,"minecraft:dirt":57,"minecraft:stripped_oak_log":2,"minecraft:stone":128,"minecraft:oak_leaves":29},"minecraft:custom":{"minecraft:interact_with_furnace":14,"minecraft:mob_kills":37,"minecraft:interact_with_crafting_table":25,"minecraft:time_since_death":59767,"minecraft:time_since_rest":59954,"minecraft:sprint_one_cm":434242,"minecraft:damage_taken":997,"minecraft:walk_one_cm":221041,"minecraft:drop":4,"minecraft:damage_dealt":3420,"minecraft:swim_one_cm":32566,"minecraft:fly_one_cm":130181,"minecraft:open_chest":10,"minecraft:crouch_one_cm":4275,"minecraft:play_time":99516,"minecraft:deaths":1,"minecraft:sneak_time":965,"minecraft:walk_under_water_one_cm":7128,"minecraft:boat_one_cm":197773,"minecraft:jump":1153,"minecraft:walk_on_water_one_cm":7442,"minecraft:total_world_time":99516,"minecraft:interact_with_smoker":7,"minecraft:fall_one_cm":13329}},"DataVersion":3465}