{"stats":{"minecraft:crafted":{"minecraft:stone_sword":1,"minecraft:furnace":1,"minecraft:stone_shovel":2,"minecraft:birch_planks":24,"minecraft:stone_axe":2,"minecraft:crafting_table":1,"minecraft:stick":16,"minecraft:stone_pickaxe":2,"minecraft:wooden_pickaxe":1},"minecraft:dropped":{"minecraft:cobblestone":1,"minecraft:stone_axe":1},"minecraft:picked_up":{"minecraft:birch_log":13,"minecraft:crafting_table":2,"minecraft:stone_axe":1,"minecraft:coal":2,"minecraft:dirt":6,"minecraft:cobblestone":30},"minecraft:used":{"minecraft:stone_axe":10,"minecraft:dirt":5,"minecraft:crafting_table":2,"minecraft:stone_pickaxe":26,"minecraft:wooden_pickaxe":6},"minecraft:mined":{"minecraft:grass":1,"minecraft:grass_block":6,"minecraft:dirt":1,"minecraft:birch_log":13,"minecraft:stone":30,"minecraft:crafting_table":2,"minecraft:coal_ore":2},"minecraft:custom":{"minecraft:time_since_rest":9516,"minecraft:play_time":9516,"minecraft:sprint_one_cm":33935,"minecraft:damage_taken":160,"minecraft:walk_one_cm":24420,"minecraft:sneak_time":10,"minecraft:walk_under_water_one_cm":547,"minecraft:drop":2,"minecraft:jump":106,"minecraft:time_since_death":9516,"minecraft:walk_on_water_one_cm":484,"minecraft:total_world_time":9516,"minecraft:swim_one_cm":16232,"minecraft:interact_with_crafting_table":5,"minecraft:fall_one_cm":1527,"minecraft:fly_one_cm":11338}},"DataVersion":3465}