{"stats":{"minecraft:crafted":{"minecraft:oak_planks":272,"minecraft:stone_shovel":5,"minecraft:birch_boat":2,"minecraft:furnace":4,"minecraft:pink_dye":11,"minecraft:cooked_mutton":39,"minecraft:iron_boots":1,"minecraft:stone_pickaxe":7,"minecraft:chest":3,"minecraft:oak_button":1,"minecraft:spruce_boat":1,"minecraft:smoker":1,"minecraft:wheat":225,"minecraft:cooked_beef":12,"minecraft:crafting_table":5,"minecraft:spruce_planks":88,"minecraft:wooden_pickaxe":3,"minecraft:iron_helmet":1,"minecraft:spruce_door":3,"minecraft:bucket":1,"minecraft:birch_planks":84,"minecraft:pumpkin_seeds":12,"minecraft:stone_axe":5,"minecraft:bread":75,"minecraft:oak_boat":4,"minecraft:iron_chestplate":1,"minecraft:pink_wool":11,"minecraft:gold_nugget":27,"minecraft:shield":1,"minecraft:stick":100,"minecraft:iron_ingot":43,"minecraft:iron_pickaxe":1,"minecraft:stone_sword":3,"minecraft:iron_leggings":1,"minecraft:white_bed":5,"minecraft:torch":116},"minecraft:killed_by":{"minecraft:drowned":1,"minecraft:zombie":1},"minecraft:dropped":{"minecraft:wheat_seeds":4,"minecraft:feather":2,"minecraft:cobblestone":3,"minecraft:apple":16,"minecraft:copper_ingot":1,"minecraft:emerald":1,"minecraft:torch":1,"minecraft:brown_wool":2,"minecraft:sand":9,"minecraft:fishing_rod":1,"minecraft:white_wool":2,"minecraft:spruce_sapling":2,"minecraft:stone_axe":1,"minecraft:kelp":3,"minecraft:rotten_flesh":10,"minecraft:white_bed":2,"minecraft:oak_button":2,"minecraft:oak_sapling":2,"minecraft:spider_eye":2,"minecraft:wooden_pickaxe":1,"minecraft:stone_pickaxe":1,"minecraft:egg":2},"minecraft:picked_up":{"minecraft:crafting_table":21,"minecraft:chicken":1,"minecraft:bucket":1,"minecraft:spruce_planks":55,"minecraft:beef":12,"minecraft:oak_boat":5,"minecraft:iron_nugget":17,"minecraft:poppy":1,"minecraft:light_gray_wool":1,"minecraft:spruce_slab":1,"minecraft:sugar_cane":4,"minecraft:furnace":3,"minecraft:egg":3,"minecraft:golden_helmet":1,"minecraft:stick":43,"minecraft:raw_iron":72,"minecraft:sandstone":89,"minecraft:copper_ingot":1,"minecraft:torch":83,"minecraft:spruce_stairs":2,"minecraft:diorite":3,"minecraft:dark_oak_planks":1,"minecraft:rotten_flesh":27,"minecraft:stone_sword":1,"minecraft:arrow":5,"minecraft:stone_shovel":1,"minecraft:jungle_stairs":1,"minecraft:hay_block":26,"minecraft:mutton":64,"minecraft:rail":2,"minecraft:cobblestone":285,"minecraft:cod":4,"minecraft:white_wool":49,"minecraft:stripped_oak_log":2,"minecraft:birch_log":21,"minecraft:pink_petals":22,"minecraft:feather":2,"minecraft:andesite":1,"minecraft:brown_wool":4,"minecraft:leather":7,"minecraft:smoker":10,"minecraft:potato":9,"minecraft:filled_map":1,"minecraft:flint":1,"minecraft:oak_log":92,"minecraft:yellow_bed":5,"minecraft:lapis_lazuli":20,"minecraft:dirt":257,"minecraft:cooked_mutton":27,"minecraft:bone":3,"minecraft:apple":30,"minecraft:kelp":3,"minecraft:wheat_seeds":6,"minecraft:stone_pickaxe":2,"minecraft:oak_fence_gate":1,"minecraft:oak_planks":13,"minecraft:pumpkin":3,"minecraft:gravel":15,"minecraft:sand":262,"minecraft:jungle_planks":1,"minecraft:spruce_sapling":3,"minecraft:grass_block":1,"minecraft:white_bed":19,"minecraft:spruce_log":38,"minecraft:spruce_door":3,"minecraft:spider_eye":3,"minecraft:mossy_cobblestone":1,"minecraft:spruce_boat":2,"minecraft:stone_axe":2,"minecraft:gray_wool":1,"minecraft:oak_button":1,"minecraft:oak_sapling":10,"minecraft:coal":285},"minecraft:used":{"minecraft:stone_sword":48,"minecraft:stone_shovel":381,"minecraft:chest":3,"minecraft:spruce_planks":90,"minecraft:shield":31,"minecraft:rotten_flesh":2,"minecraft:torch":126,"minecraft:dirt":120,"minecraft:oak_fence_gate":1,"minecraft:spruce_boat":2,"minecraft:hay_block":1,"minecraft:oak_sapling":5,"minecraft:furnace":5,"minecraft:egg":1,"minecraft:cooked_mutton":45,"minecraft:diorite":2,"minecraft:spruce_door":6,"minecraft:stone_pickaxe":543,"minecraft:oak_planks":134,"minecraft:wooden_pickaxe":24,"minecraft:birch_boat":2,"minecraft:sandstone":70,"minecraft:sand":30,"minecraft:crafting_table":24,"minecraft:white_bed":20,"minecraft:smoker":8,"minecraft:oak_log":6,"minecraft:bread":13,"minecraft:stone_axe":357,"minecraft:fishing_rod":10,"minecraft:cobblestone":74,"minecraft:yellow_bed":5,"minecraft:oak_boat":8,"minecraft:stripped_oak_log":1},"minecraft:killed":{"minecraft:spider":1,"minecraft:skeleton":5,"minecraft:drowned":2,"minecraft:sheep":39,"minecraft:zombie":11,"minecraft:cow":7},"minecraft:broken":{"minecraft:stone_pickaxe":3,"minecraft:stone_axe":1,"minecraft:stone_shovel":2},"minecraft:mined":{"minecraft:dark_oak_planks":1,"minecraft:spruce_planks":42,"minecraft:white_bed":18,"minecraft:mossy_cobblestone":2,"minecraft:glow_lichen":1,"minecraft:grass_block":162,"minecraft:jungle_planks":1,"minecraft:spruce_leaves":2,"minecraft:sandstone":89,"minecraft:hay_block":26,"minecraft:furnace":2,"minecraft:iron_ore":72,"minecraft:andesite":1,"minecraft:pumpkin":3,"minecraft:rail":1,"minecraft:dirt_path":10,"minecraft:stripped_oak_log":2,"minecraft:stone":219,"minecraft:spruce_slab":1,"minecraft:smoker":9,"minecraft:spruce_door":3,"minecraft:crafting_table":20,"minecraft:torch":7,"minecraft:jungle_stairs":1,"minecraft:cobblestone":7,"minecraft:lapis_ore":4,"minecraft:oak_planks":10,"minecraft:diorite":4,"minecraft:wall_torch":5,"minecraft:spruce_stairs":2,"minecraft:birch_log":21,"minecraft:spruce_log":26,"minecraft:birch_leaves":4,"minecraft:yellow_bed":5,"minecraft:grass":45,"minecraft:oak_log":95,"minecraft:coal_ore":138,"minecraft:oak_fence_gate":1,"minecraft:gravel":11,"minecraft:sand":173,"minecraft:dirt":67,"minecraft:oak_leaves":59},"minecraft:custom":{"minecraft:mob_kills":65,"minecraft:interact_with_crafting_table":54,"minecraft:leave_game":4,"minecraft:time_since_death":191935,"minecraft:climb_one_cm":626,"minecraft:sprint_one_cm":1431369,"minecraft:walk_one_cm":625297,"minecraft:damage_blocked_by_shield":1110,"minecraft:drop":48,"minecraft:talked_to_villager":2,"minecraft:play_time":340535,"minecraft:sneak_time":2518,"minecraft:deaths":2,"minecraft:walk_under_water_one_cm":38770,"minecraft:boat_one_cm":1716582,"minecraft:jump":3510,"minecraft:walk_on_water_one_cm":39255,"minecraft:total_world_time":340535,"minecraft:interact_with_furnace":19,"minecraft:sleep_in_bed":17,"minecraft:time_since_rest":8644,"minecraft:damage_taken":1975,"minecraft:damage_dealt":7197,"minecraft:swim_one_cm":106257,"minecraft:fly_one_cm":656044,"minecraft:open_chest":62,"minecraft:crouch_one_cm":9832,"minecraft:interact_with_smoker":12,"minecraft:fish_caught":4,"minecraft:fall_one_cm":62570}},"DataVersion":3465}