{"stats":{"minecraft:crafted":{"minecraft:cooked_beef":12,"minecraft:oak_planks":44,"minecraft:stone_shovel":3,"minecraft:crafting_table":3,"minecraft:spruce_planks":40,"minecraft:birch_boat":2,"minecraft:wooden_pickaxe":2,"minecraft:furnace":3,"minecraft:birch_planks":84,"minecraft:stone_axe":4,"minecraft:cooked_mutton":35,"minecraft:oak_boat":1,"minecraft:stick":84,"minecraft:stone_pickaxe":5,"minecraft:stone_sword":2,"minecraft:chest":1,"minecraft:oak_button":1,"minecraft:white_bed":3,"minecraft:spruce_boat":1,"minecraft:torch":56,"minecraft:smoker":1},"minecraft:killed_by":{"minecraft:drowned":1},"minecraft:dropped":{"minecraft:stone_axe":1,"minecraft:cobblestone":1,"minecraft:oak_button":2},"minecraft:picked_up":{"minecraft:stripped_oak_log":2,"minecraft:birch_log":21,"minecraft:pink_petals":11,"minecraft:crafting_table":10,"minecraft:leather":7,"minecraft:smoker":6,"minecraft:oak_log":29,"minecraft:dirt":128,"minecraft:cooked_mutton":10,"minecraft:wheat_seeds":1,"minecraft:beef":12,"minecraft:poppy":1,"minecraft:light_gray_wool":1,"minecraft:furnace":1,"minecraft:stick":6,"minecraft:torch":2,"minecraft:spruce_sapling":1,"minecraft:white_bed":2,"minecraft:spruce_log":26,"minecraft:spider_eye":1,"minecraft:rotten_flesh":3,"minecraft:stone_axe":1,"minecraft:gray_wool":1,"minecraft:oak_button":1,"minecraft:oak_sapling":3,"minecraft:mutton":49,"minecraft:coal":190,"minecraft:white_wool":28,"minecraft:cobblestone":134},"minecraft:used":{"minecraft:cooked_mutton":23,"minecraft:stone_shovel":133,"minecraft:stone_pickaxe":243,"minecraft:wooden_pickaxe":19,"minecraft:chest":1,"minecraft:birch_boat":2,"minecraft:rotten_flesh":1,"minecraft:torch":11,"minecraft:dirt":76,"minecraft:crafting_table":11,"minecraft:white_bed":3,"minecraft:smoker":5,"minecraft:stone_axe":159,"minecraft:cobblestone":9,"minecraft:furnace":2,"minecraft:oak_boat":1,"minecraft:stripped_oak_log":1},"minecraft:killed":{"minecraft:spider":1,"minecraft:sheep":30,"minecraft:zombie":2,"minecraft:cow":7},"minecraft:broken":{"minecraft:stone_pickaxe":1},"minecraft:mined":{"minecraft:white_bed":2,"minecraft:smoker":6,"minecraft:crafting_table":10,"minecraft:torch":2,"minecraft:grass_block":66,"minecraft:cobblestone":6,"minecraft:spruce_leaves":2,"minecraft:furnace":1,"minecraft:birch_log":21,"minecraft:spruce_log":26,"minecraft:birch_leaves":4,"minecraft:grass":11,"minecraft:coal_ore":111,"minecraft:oak_log":29,"minecraft:dirt_path":4,"minecraft:dirt":61,"minecraft:stripped_oak_log":2,"minecraft:stone":128,"minecraft:oak_leaves":29},"minecraft:custom":{"minecraft:interact_with_furnace":14,"minecraft:mob_kills":40,"minecraft:interact_with_crafting_table":26,"minecraft:time_since_death":95767,"minecraft:sleep_in_bed":1,"minecraft:time_since_rest":29891,"minecraft:sprint_one_cm":486634,"minecraft:damage_taken":1037,"minecraft:walk_one_cm":233443,"minecraft:drop":4,"minecraft:damage_dealt":3660,"minecraft:swim_one_cm":37385,"minecraft:fly_one_cm":153009,"minecraft:open_chest":12,"minecraft:crouch_one_cm":4275,"minecraft:play_time":135516,"minecraft:deaths":1,"minecraft:sneak_time":965,"minecraft:walk_under_water_one_cm":7669,"minecraft:boat_one_cm":197773,"minecraft:jump":1249,"minecraft:walk_on_water_one_cm":7945,"minecraft:total_world_time":135516,"minecraft:interact_with_smoker":9,"minecraft:fall_one_cm":15582}},"DataVersion":3465}