{"stats":{"minecraft:crafted":{"minecraft:cooked_beef":12,"minecraft:oak_planks":44,"minecraft:stone_shovel":3,"minecraft:crafting_table":3,"minecraft:spruce_planks":40,"minecraft:birch_boat":2,"minecraft:wooden_pickaxe":2,"minecraft:furnace":2,"minecraft:birch_planks":84,"minecraft:stone_axe":4,"minecraft:cooked_mutton":33,"minecraft:oak_boat":1,"minecraft:stick":44,"minecraft:stone_pickaxe":4,"minecraft:stone_sword":2,"minecraft:chest":1,"minecraft:oak_button":1,"minecraft:white_bed":3,"minecraft:spruce_boat":1,"minecraft:torch":52,"minecraft:smoker":1},"minecraft:killed_by":{"minecraft:drowned":1},"minecraft:dropped":{"minecraft:stone_axe":1,"minecraft:cobblestone":1,"minecraft:oak_button":2},"minecraft:picked_up":{"minecraft:stripped_oak_log":2,"minecraft:birch_log":21,"minecraft:crafting_table":9,"minecraft:leather":7,"minecraft:smoker":5,"minecraft:oak_log":29,"minecraft:dirt":112,"minecraft:cooked_mutton":10,"minecraft:wheat_seeds":1,"minecraft:beef":12,"minecraft:poppy":1,"minecraft:light_gray_wool":1,"minecraft:furnace":1,"minecraft:stick":6,"minecraft:torch":1,"minecraft:spruce_sapling":1,"minecraft:spruce_log":26,"minecraft:spider_eye":1,"minecraft:rotten_flesh":1,"minecraft:stone_axe":1,"minecraft:gray_wool":1,"minecraft:oak_button":1,"minecraft:oak_sapling":3,"minecraft:mutton":43,"minecraft:coal":166,"minecraft:white_wool":24,"minecraft:cobblestone":121},"minecraft:used":{"minecraft:cooked_mutton":18,"minecraft:stone_shovel":116,"minecraft:stone_pickaxe":204,"minecraft:wooden_pickaxe":19,"minecraft:chest":1,"minecraft:birch_boat":2,"minecraft:rotten_flesh":1,"minecraft:torch":6,"minecraft:dirt":16,"minecraft:crafting_table":10,"minecraft:white_bed":2,"minecraft:smoker":4,"minecraft:stone_axe":153,"minecraft:cobblestone":9,"minecraft:furnace":2,"minecraft:oak_boat":1,"minecraft:stripped_oak_log":1},"minecraft:killed":{"minecraft:spider":1,"minecraft:sheep":26,"minecraft:zombie":2,"minecraft:cow":7},"minecraft:mined":{"minecraft:smoker":5,"minecraft:crafting_table":9,"minecraft:torch":1,"minecraft:grass_block":59,"minecraft:cobblestone":6,"minecraft:spruce_leaves":2,"minecraft:furnace":1,"minecraft:birch_log":21,"minecraft:spruce_log":26,"minecraft:birch_leaves":4,"minecraft:grass":9,"minecraft:coal_ore":87,"minecraft:oak_log":29,"minecraft:dirt_path":4,"minecraft:dirt":51,"minecraft:stripped_oak_log":2,"minecraft:stone":115,"minecraft:oak_leaves":29},"minecraft:custom":{"minecraft:interact_with_furnace":14,"minecraft:mob_kills":36,"minecraft:interact_with_crafting_table":24,"minecraft:time_since_death":47767,"minecraft:time_since_rest":47954,"minecraft:sprint_one_cm":404238,"minecraft:damage_taken":937,"minecraft:walk_one_cm":197927,"minecraft:drop":4,"minecraft:damage_dealt":3340,"minecraft:swim_one_cm":32566,"minecraft:fly_one_cm":124614,"minecraft:open_chest":10,"minecraft:crouch_one_cm":235,"minecraft:play_time":87516,"minecraft:deaths":1,"minecraft:sneak_time":108,"minecraft:walk_under_water_one_cm":7128,"minecraft:boat_one_cm":197773,"minecraft:jump":1050,"minecraft:walk_on_water_one_cm":7442,"minecraft:total_world_time":87516,"minecraft:interact_with_smoker":7,"minecraft:fall_one_cm":12554}},"DataVersion":3465}