{"stats":{"minecraft:broken":{"minecraft:stone_pickaxe":1,"minecraft:stone_axe":1,"minecraft:stone_shovel":5},"minecraft:custom":{"minecraft:mob_kills":33,"minecraft:animals_bred":1,"minecraft:interact_with_crafting_table":36,"minecraft:leave_game":8,"minecraft:time_since_death":62368,"minecraft:climb_one_cm":780,"minecraft:sleep_in_bed":12,"minecraft:time_since_rest":660,"minecraft:sprint_one_cm":1032062,"minecraft:damage_taken":2218,"minecraft:walk_one_cm":953919,"minecraft:drop":20,"minecraft:damage_dealt":3570,"minecraft:swim_one_cm":80471,"minecraft:talked_to_villager":7,"minecraft:fly_one_cm":211404,"minecraft:player_kills":1,"minecraft:open_chest":22,"minecraft:play_time":204452,"minecraft:crouch_one_cm":8515,"minecraft:sneak_time":3010,"minecraft:deaths":6,"minecraft:walk_under_water_one_cm":36438,"minecraft:boat_one_cm":48692,"minecraft:jump":2136,"minecraft:walk_on_water_one_cm":55432,"minecraft:total_world_time":204452,"minecraft:interact_with_smoker":8,"minecraft:fall_one_cm":30181},"minecraft:mined":{"minecraft:white_bed":5,"minecraft:spruce_planks":3,"minecraft:brown_mushroom":1,"minecraft:smoker":1,"minecraft:crafting_table":11,"minecraft:grass_block":538,"minecraft:poppy":4,"minecraft:tall_grass":13,"minecraft:wall_torch":4,"minecraft:spruce_leaves":23,"minecraft:sugar_cane":20,"minecraft:kelp":1,"minecraft:sandstone":9,"minecraft:hay_block":47,"minecraft:large_fern":18,"minecraft:coarse_dirt":6,"minecraft:carrots":18,"minecraft:iron_ore":10,"minecraft:birch_log":79,"minecraft:wheat":41,"minecraft:sweet_berry_bush":11,"minecraft:spruce_log":155,"minecraft:birch_leaves":8,"minecraft:andesite":2,"minecraft:potatoes":13,"minecraft:beetroots":5,"minecraft:grass":87,"minecraft:oak_log":37,"minecraft:coal_ore":205,"minecraft:sand":91,"minecraft:dirt":129,"minecraft:stone":222,"minecraft:oak_leaves":24,"minecraft:fern":20,"minecraft:podzol":3},"minecraft:picked_up":{"minecraft:birch_log":158,"minecraft:crafting_table":13,"minecraft:coarse_dirt":9,"minecraft:wheat":5,"minecraft:feather":1,"minecraft:chicken":2,"minecraft:glow_ink_sac":6,"minecraft:andesite":2,"minecraft:leather":10,"minecraft:wooden_pickaxe":2,"minecraft:smoker":1,"minecraft:potato":17,"minecraft:oak_log":36,"minecraft:gunpowder":1,"minecraft:string":4,"minecraft:dirt":816,"minecraft:cooked_mutton":4,"minecraft:bone":14,"minecraft:beetroot":2,"minecraft:wheat_seeds":73,"minecraft:spruce_planks":104,"minecraft:beef":13,"minecraft:stone_pickaxe":4,"minecraft:poppy":4,"minecraft:light_gray_wool":1,"minecraft:sugar_cane":45,"minecraft:birch_sapling":14,"minecraft:furnace":1,"minecraft:egg":6,"minecraft:stick":108,"minecraft:raw_iron":10,"minecraft:sandstone":9,"minecraft:cooked_porkchop":15,"minecraft:sweet_berries":15,"minecraft:torch":3,"minecraft:porkchop":27,"minecraft:sand":101,"minecraft:carrot":22,"minecraft:spruce_sapling":3,"minecraft:white_bed":7,"minecraft:spruce_log":164,"minecraft:beetroot_seeds":9,"minecraft:stone_sword":2,"minecraft:arrow":5,"minecraft:stone_shovel":1,"minecraft:rotten_flesh":9,"minecraft:stone_axe":2,"minecraft:hay_block":47,"minecraft:granite":2,"minecraft:gray_wool":1,"minecraft:oak_sapling":1,"minecraft:mutton":23,"minecraft:coal":225,"minecraft:white_wool":12,"minecraft:cobblestone":273},"minecraft:killed_by":{"minecraft:skeleton":5,"minecraft:creeper":1},"minecraft:used":{"minecraft:cooked_mutton":6,"minecraft:spruce_door":1,"minecraft:stone_pickaxe":396,"minecraft:stone_shovel":734,"minecraft:chest":5,"minecraft:spruce_planks":3,"minecraft:wooden_pickaxe":78,"minecraft:sandstone":7,"minecraft:rotten_flesh":1,"minecraft:oak_door":3,"minecraft:torch":28,"minecraft:dirt":453,"minecraft:sand":6,"minecraft:crafting_table":15,"minecraft:white_bed":5,"minecraft:spruce_log":2,"minecraft:smoker":2,"minecraft:spruce_boat":1,"minecraft:wooden_axe":5,"minecraft:bread":10,"minecraft:cobblestone":67,"minecraft:sweet_berries":15,"minecraft:stone_axe":390,"minecraft:cooked_porkchop":7,"minecraft:andesite":2,"minecraft:egg":1,"minecraft:cooked_beef":1,"minecraft:coarse_dirt":6},"minecraft:killed":{"minecraft:pig":12,"minecraft:spider":4,"minecraft:creeper":1,"minecraft:sheep":9,"minecraft:chicken":1,"minecraft:cow":5},"minecraft:dropped":{"minecraft:oak_log":1,"minecraft:glow_ink_sac":3,"minecraft:chicken":1,"minecraft:poppy":1,"minecraft:gray_wool":1,"minecraft:wooden_axe":1,"minecraft:sandstone":2,"minecraft:sand":4,"minecraft:wooden_pickaxe":3,"minecraft:stone_pickaxe":1,"minecraft:egg":2},"minecraft:crafted":{"minecraft:cooked_beef":2,"minecraft:oak_door":3,"minecraft:oak_planks":136,"minecraft:stone_shovel":12,"minecraft:cooked_porkchop":15,"minecraft:crafting_table":7,"minecraft:spruce_planks":360,"minecraft:wooden_pickaxe":5,"minecraft:spruce_door":3,"minecraft:furnace":2,"minecraft:stone_axe":10,"minecraft:bread":33,"minecraft:cooked_mutton":10,"minecraft:stick":296,"minecraft:stone_pickaxe":11,"minecraft:wooden_axe":1,"minecraft:stone_sword":2,"minecraft:chest":5,"minecraft:white_bed":3,"minecraft:spruce_boat":1,"minecraft:torch":60,"minecraft:wheat":99,"minecraft:smoker":1}},"DataVersion":3465}