{"stats":{"minecraft:crafted":{"minecraft:cooked_beef":12,"minecraft:oak_planks":88,"minecraft:stone_shovel":5,"minecraft:crafting_table":4,"minecraft:spruce_planks":88,"minecraft:birch_boat":2,"minecraft:wooden_pickaxe":3,"minecraft:iron_helmet":1,"minecraft:furnace":3,"minecraft:bucket":1,"minecraft:pink_dye":11,"minecraft:birch_planks":84,"minecraft:stone_axe":5,"minecraft:bread":75,"minecraft:cooked_mutton":35,"minecraft:oak_boat":2,"minecraft:iron_chestplate":1,"minecraft:iron_boots":1,"minecraft:pink_wool":11,"minecraft:gold_nugget":27,"minecraft:shield":1,"minecraft:stick":100,"minecraft:iron_leggings":1,"minecraft:iron_ingot":6,"minecraft:stone_pickaxe":6,"minecraft:stone_sword":3,"minecraft:chest":2,"minecraft:oak_button":1,"minecraft:white_bed":4,"minecraft:spruce_boat":1,"minecraft:torch":56,"minecraft:wheat":225,"minecraft:smoker":1},"minecraft:killed_by":{"minecraft:zombie":1,"minecraft:drowned":1},"minecraft:dropped":{"minecraft:stone_axe":1,"minecraft:wheat_seeds":2,"minecraft:cobblestone":3,"minecraft:rotten_flesh":8,"minecraft:apple":14,"minecraft:white_bed":2,"minecraft:emerald":1,"minecraft:oak_button":2,"minecraft:brown_wool":2,"minecraft:sand":9,"minecraft:oak_sapling":2,"minecraft:spider_eye":2,"minecraft:wooden_pickaxe":1,"minecraft:white_wool":2,"minecraft:spruce_sapling":2},"minecraft:picked_up":{"minecraft:birch_log":21,"minecraft:pink_petals":22,"minecraft:crafting_table":17,"minecraft:feather":2,"minecraft:chicken":1,"minecraft:brown_wool":4,"minecraft:leather":7,"minecraft:smoker":8,"minecraft:potato":9,"minecraft:filled_map":1,"minecraft:oak_log":40,"minecraft:dirt":157,"minecraft:cooked_mutton":16,"minecraft:apple":28,"minecraft:wheat_seeds":4,"minecraft:bucket":1,"minecraft:spruce_planks":14,"minecraft:stone_pickaxe":1,"minecraft:beef":12,"minecraft:iron_nugget":17,"minecraft:poppy":1,"minecraft:spruce_slab":1,"minecraft:light_gray_wool":1,"minecraft:furnace":3,"minecraft:golden_helmet":1,"minecraft:stick":43,"minecraft:sandstone":89,"minecraft:torch":74,"minecraft:sand":200,"minecraft:jungle_planks":1,"minecraft:spruce_sapling":3,"minecraft:white_bed":6,"minecraft:spruce_log":38,"minecraft:spider_eye":3,"minecraft:stone_sword":1,"minecraft:stone_shovel":1,"minecraft:rotten_flesh":17,"minecraft:spruce_boat":2,"minecraft:stone_axe":2,"minecraft:jungle_stairs":1,"minecraft:hay_block":26,"minecraft:gray_wool":1,"minecraft:oak_button":1,"minecraft:oak_sapling":5,"minecraft:mutton":60,"minecraft:coal":253,"minecraft:white_wool":46,"minecraft:cobblestone":229,"minecraft:stripped_oak_log":2},"minecraft:used":{"minecraft:cooked_mutton":25,"minecraft:stone_sword":11,"minecraft:stone_shovel":197,"minecraft:stone_pickaxe":372,"minecraft:wooden_pickaxe":24,"minecraft:chest":2,"minecraft:birch_boat":2,"minecraft:sandstone":6,"minecraft:rotten_flesh":1,"minecraft:torch":39,"minecraft:sand":3,"minecraft:dirt":76,"minecraft:crafting_table":18,"minecraft:white_bed":5,"minecraft:smoker":6,"minecraft:spruce_boat":2,"minecraft:bread":1,"minecraft:stone_axe":191,"minecraft:cobblestone":9,"minecraft:hay_block":1,"minecraft:furnace":3,"minecraft:oak_boat":2,"minecraft:stripped_oak_log":1},"minecraft:killed":{"minecraft:spider":1,"minecraft:sheep":36,"minecraft:zombie":6,"minecraft:cow":7},"minecraft:broken":{"minecraft:stone_pickaxe":2,"minecraft:stone_shovel":1},"minecraft:mined":{"minecraft:spruce_planks":1,"minecraft:white_bed":4,"minecraft:smoker":7,"minecraft:crafting_table":16,"minecraft:torch":4,"minecraft:jungle_stairs":1,"minecraft:grass_block":66,"minecraft:jungle_planks":1,"minecraft:cobblestone":6,"minecraft:spruce_leaves":2,"minecraft:sandstone":89,"minecraft:wall_torch":1,"minecraft:hay_block":26,"minecraft:furnace":2,"minecraft:birch_log":21,"minecraft:spruce_log":26,"minecraft:birch_leaves":4,"minecraft:grass":15,"minecraft:oak_log":40,"minecraft:coal_ore":111,"minecraft:dirt_path":4,"minecraft:sand":100,"minecraft:dirt":61,"minecraft:stripped_oak_log":2,"minecraft:stone":168,"minecraft:oak_leaves":31,"minecraft:spruce_slab":1},"minecraft:custom":{"minecraft:interact_with_furnace":14,"minecraft:mob_kills":50,"minecraft:interact_with_crafting_table":42,"minecraft:leave_game":1,"minecraft:time_since_death":46479,"minecraft:sleep_in_bed":6,"minecraft:time_since_rest":1723,"minecraft:sprint_one_cm":575727,"minecraft:damage_taken":1412,"minecraft:walk_one_cm":311672,"minecraft:drop":31,"minecraft:damage_dealt":4937,"minecraft:swim_one_cm":41738,"minecraft:fly_one_cm":168641,"minecraft:open_chest":43,"minecraft:crouch_one_cm":4497,"minecraft:play_time":195079,"minecraft:sneak_time":1064,"minecraft:deaths":2,"minecraft:walk_under_water_one_cm":21550,"minecraft:boat_one_cm":1011336,"minecraft:jump":1432,"minecraft:walk_on_water_one_cm":13242,"minecraft:total_world_time":195079,"minecraft:interact_with_smoker":9,"minecraft:fall_one_cm":18122}},"DataVersion":3465}