{"stats":{"minecraft:crafted":{"minecraft:oak_planks":20,"minecraft:stone_shovel":2,"minecraft:crafting_table":1,"minecraft:stick":24,"minecraft:wooden_pickaxe":1,"minecraft:birch_boat":1,"minecraft:stone_pickaxe":2,"minecraft:chest":1,"minecraft:stone_sword":1,"minecraft:furnace":1,"minecraft:white_bed":2,"minecraft:torch":4,"minecraft:birch_planks":84,"minecraft:stone_axe":2,"minecraft:cooked_mutton":16,"minecraft:cooked_beef":12},"minecraft:dropped":{"minecraft:stone_axe":1,"minecraft:cobblestone":1},"minecraft:picked_up":{"minecraft:stripped_oak_log":2,"minecraft:birch_log":21,"minecraft:stick":1,"minecraft:crafting_table":3,"minecraft:leather":7,"minecraft:torch":1,"minecraft:smoker":1,"minecraft:oak_log":23,"minecraft:dirt":15,"minecraft:stone_axe":1,"minecraft:beef":12,"minecraft:gray_wool":1,"minecraft:poppy":1,"minecraft:light_gray_wool":1,"minecraft:oak_sapling":3,"minecraft:mutton":24,"minecraft:coal":23,"minecraft:white_wool":13,"minecraft:cobblestone":41},"minecraft:used":{"minecraft:cooked_mutton":9,"minecraft:stone_shovel":23,"minecraft:stone_pickaxe":66,"minecraft:chest":1,"minecraft:birch_boat":1,"minecraft:wooden_pickaxe":6,"minecraft:torch":3,"minecraft:stone_axe":91,"minecraft:dirt":5,"minecraft:cobblestone":9,"minecraft:crafting_table":4,"minecraft:furnace":1,"minecraft:white_bed":1,"minecraft:stripped_oak_log":1},"minecraft:killed":{"minecraft:sheep":15,"minecraft:cow":7},"minecraft:mined":{"minecraft:birch_log":21,"minecraft:smoker":1,"minecraft:birch_leaves":3,"minecraft:torch":1,"minecraft:crafting_table":3,"minecraft:grass":4,"minecraft:oak_log":23,"minecraft:grass_block":7,"minecraft:coal_ore":24,"minecraft:dirt_path":4,"minecraft:dirt":5,"minecraft:stripped_oak_log":2,"minecraft:cobblestone":6,"minecraft:stone":36,"minecraft:oak_leaves":29},"minecraft:custom":{"minecraft:time_since_rest":33516,"minecraft:interact_with_furnace":9,"minecraft:sprint_one_cm":167309,"minecraft:walk_one_cm":107639,"minecraft:damage_taken":287,"minecraft:mob_kills":22,"minecraft:drop":2,"minecraft:damage_dealt":1900,"minecraft:interact_with_crafting_table":8,"minecraft:swim_one_cm":23216,"minecraft:fly_one_cm":52530,"minecraft:open_chest":6,"minecraft:crouch_one_cm":197,"minecraft:play_time":33516,"minecraft:sneak_time":39,"minecraft:walk_under_water_one_cm":1993,"minecraft:boat_one_cm":21808,"minecraft:jump":392,"minecraft:walk_on_water_one_cm":1885,"minecraft:time_since_death":33516,"minecraft:interact_with_smoker":1,"minecraft:total_world_time":33516,"minecraft:fall_one_cm":5249}},"DataVersion":3465}