{"stats":{"minecraft:crafted":{"minecraft:cooked_beef":12,"minecraft:oak_planks":44,"minecraft:stone_shovel":3,"minecraft:crafting_table":3,"minecraft:birch_boat":2,"minecraft:wooden_pickaxe":2,"minecraft:furnace":1,"minecraft:birch_planks":84,"minecraft:stone_axe":4,"minecraft:cooked_mutton":24,"minecraft:stick":36,"minecraft:stone_pickaxe":4,"minecraft:stone_sword":1,"minecraft:chest":1,"minecraft:white_bed":2,"minecraft:torch":4},"minecraft:killed_by":{"minecraft:drowned":1},"minecraft:dropped":{"minecraft:stone_axe":1,"minecraft:cobblestone":1},"minecraft:picked_up":{"minecraft:stripped_oak_log":2,"minecraft:birch_log":21,"minecraft:crafting_table":4,"minecraft:leather":7,"minecraft:smoker":2,"minecraft:oak_log":29,"minecraft:dirt":30,"minecraft:beef":12,"minecraft:poppy":1,"minecraft:light_gray_wool":1,"minecraft:stick":4,"minecraft:torch":1,"minecraft:spruce_log":26,"minecraft:stone_axe":1,"minecraft:gray_wool":1,"minecraft:oak_sapling":3,"minecraft:mutton":24,"minecraft:coal":34,"minecraft:white_wool":13,"minecraft:cobblestone":57},"minecraft:used":{"minecraft:cooked_mutton":9,"minecraft:stone_shovel":36,"minecraft:stone_pickaxe":80,"minecraft:wooden_pickaxe":19,"minecraft:chest":1,"minecraft:birch_boat":2,"minecraft:torch":3,"minecraft:dirt":6,"minecraft:crafting_table":6,"minecraft:white_bed":1,"minecraft:smoker":1,"minecraft:stone_axe":121,"minecraft:cobblestone":9,"minecraft:furnace":1,"minecraft:stripped_oak_log":1},"minecraft:killed":{"minecraft:sheep":15,"minecraft:cow":7},"minecraft:mined":{"minecraft:smoker":2,"minecraft:crafting_table":4,"minecraft:torch":1,"minecraft:grass_block":11,"minecraft:cobblestone":6,"minecraft:spruce_leaves":2,"minecraft:birch_log":21,"minecraft:spruce_log":26,"minecraft:birch_leaves":3,"minecraft:grass":4,"minecraft:coal_ore":34,"minecraft:oak_log":29,"minecraft:dirt_path":4,"minecraft:dirt":16,"minecraft:stripped_oak_log":2,"minecraft:stone":51,"minecraft:oak_leaves":29},"minecraft:custom":{"minecraft:interact_with_furnace":10,"minecraft:mob_kills":22,"minecraft:interact_with_crafting_table":15,"minecraft:time_since_death":5767,"minecraft:time_since_rest":5954,"minecraft:sprint_one_cm":200130,"minecraft:damage_taken":532,"minecraft:walk_one_cm":128208,"minecraft:drop":2,"minecraft:damage_dealt":1900,"minecraft:swim_one_cm":26766,"minecraft:fly_one_cm":59562,"minecraft:open_chest":10,"minecraft:crouch_one_cm":235,"minecraft:play_time":45516,"minecraft:deaths":1,"minecraft:sneak_time":108,"minecraft:walk_under_water_one_cm":5013,"minecraft:boat_one_cm":106518,"minecraft:jump":443,"minecraft:walk_on_water_one_cm":3292,"minecraft:total_world_time":45516,"minecraft:interact_with_smoker":3,"minecraft:fall_one_cm":5667}},"DataVersion":3465}