{"stats":{"minecraft:killed":{"minecraft:pig":2,"minecraft:salmon":3,"minecraft:spider":1,"minecraft:creeper":1,"minecraft:sheep":4,"minecraft:skeleton":1,"minecraft:zombie":7,"minecraft:drowned":2},"minecraft:dropped":{"minecraft:gravel":3,"minecraft:stone_axe":3,"minecraft:bowl":1,"minecraft:light_gray_wool":1,"minecraft:granite":1,"minecraft:spruce_stairs":2,"minecraft:dirt":9,"minecraft:gunpowder":1,"minecraft:brown_wool":1,"minecraft:sand":10,"minecraft:stone_pickaxe":2,"minecraft:wooden_pickaxe":4,"minecraft:white_wool":2},"minecraft:killed_by":{"minecraft:skeleton":2,"minecraft:zombie":1,"minecraft:drowned":1},"minecraft:used":{"minecraft:stone_sword":5,"minecraft:flint_and_steel":2,"minecraft:stone_pickaxe":107,"minecraft:spruce_planks":11,"minecraft:wooden_pickaxe":27,"minecraft:rotten_flesh":8,"minecraft:torch":14,"minecraft:golden_apple":1,"minecraft:dirt":58,"minecraft:crafting_table":4,"minecraft:spruce_log":1,"minecraft:smoker":1,"minecraft:obsidian":2,"minecraft:iron_axe":20,"minecraft:suspicious_stew":1,"minecraft:polished_granite":1,"minecraft:stone_axe":131,"minecraft:cobblestone":12,"minecraft:bow":1,"minecraft:furnace":1,"minecraft:porkchop":1,"minecraft:cooked_porkchop":2,"minecraft:golden_axe":32},"minecraft:crafted":{"minecraft:cooked_porkchop":2,"minecraft:crafting_table":2,"minecraft:spruce_planks":156,"minecraft:wooden_pickaxe":2,"minecraft:furnace":2,"minecraft:stone_axe":2,"minecraft:air":0,"minecraft:charcoal":6,"minecraft:iron_axe":1,"minecraft:stick":10,"minecraft:iron_pickaxe":1,"minecraft:stone_pickaxe":1,"minecraft:stone_sword":1,"minecraft:iron_leggings":1,"minecraft:torch":12,"minecraft:smoker":1},"minecraft:custom":{"minecraft:interact_with_furnace":4,"minecraft:mob_kills":21,"minecraft:interact_with_crafting_table":10,"minecraft:leave_game":3,"minecraft:time_since_death":15182,"minecraft:time_since_rest":15215,"minecraft:sprint_one_cm":206614,"minecraft:damage_taken":1406,"minecraft:walk_one_cm":204949,"minecraft:drop":21,"minecraft:damage_dealt":3061,"minecraft:swim_one_cm":15651,"minecraft:fly_one_cm":314680,"minecraft:open_chest":8,"minecraft:play_time":73628,"minecraft:deaths":4,"minecraft:sneak_time":2,"minecraft:walk_under_water_one_cm":12339,"minecraft:jump":1321,"minecraft:walk_on_water_one_cm":8953,"minecraft:total_world_time":73628,"minecraft:interact_with_smoker":4,"minecraft:fall_one_cm":22347},"minecraft:mined":{"minecraft:spruce_planks":5,"minecraft:smoker":1,"minecraft:polished_granite":1,"minecraft:crafting_table":4,"minecraft:torch":9,"minecraft:granite":1,"minecraft:grass_block":14,"minecraft:cobblestone":7,"minecraft:spruce_leaves":19,"minecraft:sugar_cane":3,"minecraft:large_fern":48,"minecraft:spruce_stairs":2,"minecraft:furnace":1,"minecraft:iron_ore":2,"minecraft:fire":2,"minecraft:ice":10,"minecraft:spruce_log":64,"minecraft:grass":5,"minecraft:coal_ore":44,"minecraft:gravel":5,"minecraft:dirt":38,"minecraft:packed_ice":36,"minecraft:stone":50,"minecraft:fern":17},"minecraft:picked_up":{"minecraft:crafting_table":4,"minecraft:wheat":16,"minecraft:salmon":3,"minecraft:brown_wool":1,"minecraft:packed_ice":90,"minecraft:wooden_pickaxe":2,"minecraft:smoker":3,"minecraft:filled_map":1,"minecraft:flint":6,"minecraft:golden_boots":1,"minecraft:gunpowder":1,"minecraft:lapis_lazuli":30,"minecraft:dirt":71,"minecraft:string":2,"minecraft:polished_granite":1,"minecraft:flint_and_steel":2,"minecraft:white_carpet":1,"minecraft:bow":1,"minecraft:wheat_seeds":44,"minecraft:gold_nugget":26,"minecraft:spruce_planks":390,"minecraft:iron_ingot":39,"minecraft:stone_pickaxe":4,"minecraft:iron_nugget":10,"minecraft:light_gray_wool":1,"minecraft:sugar_cane":44,"minecraft:furnace":3,"minecraft:raw_iron":2,"minecraft:stick":65,"minecraft:copper_ingot":2,"minecraft:torch":8,"minecraft:spruce_stairs":2,"minecraft:gravel":6,"minecraft:porkchop":3,"minecraft:sand":50,"minecraft:spruce_sapling":49,"minecraft:spruce_log":64,"minecraft:spider_eye":1,"minecraft:arrow":1,"minecraft:rotten_flesh":9,"minecraft:stone_axe":7,"minecraft:granite":1,"minecraft:emerald":10,"minecraft:white_wool":2,"minecraft:mutton":5,"minecraft:snowball":4,"minecraft:coal":53,"minecraft:cobblestone":140},"minecraft:broken":{"minecraft:golden_axe":1,"minecraft:stone_axe":1}},"DataVersion":3105}