{"stats":{"minecraft:crafted":{"minecraft:oak_planks":60,"minecraft:stone_shovel":1,"minecraft:furnace":1,"minecraft:stone_pickaxe":4,"minecraft:chest":1,"minecraft:spruce_boat":4,"minecraft:smoker":1,"minecraft:cooked_beef":7,"minecraft:cooked_cod":4,"minecraft:crafting_table":8,"minecraft:spruce_planks":66,"minecraft:wooden_pickaxe":2,"minecraft:stone_axe":2,"minecraft:air":0,"minecraft:oak_boat":1,"minecraft:diamond_pickaxe":1,"minecraft:stick":20,"minecraft:iron_ingot":3,"minecraft:stone_sword":2,"minecraft:white_bed":1,"minecraft:torch":16},"minecraft:killed_by":{"minecraft:creeper":1,"minecraft:skeleton":1,"minecraft:zombie":2},"minecraft:dropped":{"minecraft:wheat_seeds":1,"minecraft:feather":1,"minecraft:cobblestone":12,"minecraft:leather":1,"minecraft:stick":3,"minecraft:white_wool":2,"minecraft:spruce_sapling":1,"minecraft:kelp":6,"minecraft:flint_and_steel":1,"minecraft:filled_map":2,"minecraft:oak_sapling":2,"minecraft:wooden_pickaxe":2,"minecraft:stone_pickaxe":2,"minecraft:netherrack":23,"minecraft:black_wool":1},"minecraft:picked_up":{"minecraft:fishing_rod":1,"minecraft:crafting_table":4,"minecraft:iron_chestplate":1,"minecraft:chicken":8,"minecraft:raw_copper":20,"minecraft:flint_and_steel":1,"minecraft:pufferfish":2,"minecraft:gold_nugget":41,"minecraft:spruce_planks":57,"minecraft:beef":35,"minecraft:oak_boat":6,"minecraft:light_gray_wool":2,"minecraft:sugar_cane":53,"minecraft:melon_slice":64,"minecraft:spruce_trapdoor":4,"minecraft:stick":14,"minecraft:raw_iron":3,"minecraft:torch":1,"minecraft:porkchop":40,"minecraft:stone_sword":3,"minecraft:arrow":5,"minecraft:rotten_flesh":2,"minecraft:hay_block":6,"minecraft:mutton":23,"minecraft:obsidian":5,"minecraft:cod":7,"minecraft:cobblestone":373,"minecraft:white_wool":12,"minecraft:oxeye_daisy":1,"minecraft:magma_block":1,"minecraft:feather":3,"minecraft:salmon":2,"minecraft:leather":15,"minecraft:potato":3,"minecraft:oak_log":15,"minecraft:blue_bed":7,"minecraft:dirt":198,"minecraft:bone":4,"minecraft:kelp":74,"minecraft:wheat_seeds":6,"minecraft:bell":1,"minecraft:stone_pickaxe":5,"minecraft:iron_ingot":1,"minecraft:oak_planks":23,"minecraft:pumpkin":6,"minecraft:sweet_berries":320,"minecraft:sand":4,"minecraft:spruce_sapling":12,"minecraft:blast_furnace":3,"minecraft:white_bed":1,"minecraft:spruce_log":102,"minecraft:mossy_cobblestone":1,"minecraft:stone_axe":3,"minecraft:spruce_boat":16,"minecraft:bread":3,"minecraft:oak_sapling":10,"minecraft:black_wool":3,"minecraft:netherrack":23,"minecraft:coal":32,"minecraft:sunflower":1},"minecraft:used":{"minecraft:stone_sword":71,"minecraft:flint_and_steel":3,"minecraft:stone_shovel":131,"minecraft:chest":1,"minecraft:spruce_planks":30,"minecraft:rotten_flesh":2,"minecraft:torch":6,"minecraft:dirt":66,"minecraft:mutton":3,"minecraft:carrot":1,"minecraft:obsidian":8,"minecraft:spruce_boat":19,"minecraft:light_gray_wool":2,"minecraft:magma_block":1,"minecraft:beef":7,"minecraft:sweet_berries":22,"minecraft:oak_sapling":16,"minecraft:cooked_cod":4,"minecraft:cooked_beef":3,"minecraft:stone_pickaxe":343,"minecraft:oak_planks":23,"minecraft:wooden_pickaxe":50,"minecraft:blue_bed":6,"minecraft:salmon":2,"minecraft:mossy_cobblestone":1,"minecraft:sand":4,"minecraft:crafting_table":10,"minecraft:blast_furnace":1,"minecraft:white_bed":2,"minecraft:cod":1,"minecraft:spruce_log":2,"minecraft:smoker":1,"minecraft:diamond_pickaxe":38,"minecraft:oxeye_daisy":1,"minecraft:sunflower":1,"minecraft:melon_slice":4,"minecraft:bread":36,"minecraft:map":1,"minecraft:stone_axe":141,"minecraft:fishing_rod":10,"minecraft:cobblestone":84,"minecraft:oak_boat":7},"minecraft:killed":{"minecraft:skeleton":1,"minecraft:chicken":3,"minecraft:pig":7,"minecraft:sheep":7,"minecraft:cow":8},"minecraft:broken":{"minecraft:stone_pickaxe":2,"minecraft:stone_shovel":1},"minecraft:mined":{"minecraft:nether_gold_ore":9,"minecraft:spruce_planks":15,"minecraft:white_bed":1,"minecraft:mossy_cobblestone":1,"minecraft:obsidian":5,"minecraft:spruce_trapdoor":4,"minecraft:grass_block":92,"minecraft:spruce_leaves":54,"minecraft:kelp":3,"minecraft:oxeye_daisy":1,"minecraft:large_fern":32,"minecraft:hay_block":6,"minecraft:magma_block":1,"minecraft:iron_ore":3,"minecraft:fire":1,"minecraft:pumpkin":2,"minecraft:azure_bluet":1,"minecraft:bell":1,"minecraft:dirt_path":21,"minecraft:stone":327,"minecraft:kelp_plant":5,"minecraft:crafting_table":2,"minecraft:blast_furnace":3,"minecraft:melon":15,"minecraft:tall_grass":2,"minecraft:copper_ore":6,"minecraft:cobblestone":15,"minecraft:sugar_cane":18,"minecraft:oak_planks":2,"minecraft:blue_bed":7,"minecraft:seagrass":2,"minecraft:sweet_berry_bush":52,"minecraft:spruce_log":81,"minecraft:light_gray_wool":1,"minecraft:grass":26,"minecraft:oak_log":15,"minecraft:coal_ore":24,"minecraft:sunflower":1,"minecraft:sand":4,"minecraft:dirt":69,"minecraft:netherrack":23,"minecraft:oak_leaves":7,"minecraft:fern":4},"minecraft:custom":{"minecraft:mob_kills":27,"minecraft:interact_with_crafting_table":20,"minecraft:bell_ring":1,"minecraft:leave_game":10,"minecraft:time_since_death":53375,"minecraft:climb_one_cm":1603,"minecraft:sprint_one_cm":665106,"minecraft:walk_one_cm":441203,"minecraft:drop":24,"minecraft:talked_to_villager":8,"minecraft:play_time":257445,"minecraft:deaths":7,"minecraft:sneak_time":8358,"minecraft:walk_under_water_one_cm":122072,"minecraft:boat_one_cm":2220222,"minecraft:jump":5060,"minecraft:interact_with_blast_furnace":5,"minecraft:walk_on_water_one_cm":59352,"minecraft:total_world_time":257445,"minecraft:interact_with_furnace":5,"minecraft:interact_with_grindstone":1,"minecraft:sleep_in_bed":12,"minecraft:time_since_rest":17901,"minecraft:damage_taken":3441,"minecraft:damage_dealt":2921,"minecraft:swim_one_cm":145572,"minecraft:fly_one_cm":1119102,"minecraft:open_chest":35,"minecraft:crouch_one_cm":5526,"minecraft:interact_with_smoker":2,"minecraft:fish_caught":8,"minecraft:fall_one_cm":149243}},"DataVersion":3465}