{"stats":{"minecraft:crafted":{"minecraft:oak_planks":60,"minecraft:stone_shovel":1,"minecraft:furnace":1,"minecraft:iron_boots":1,"minecraft:stone_pickaxe":4,"minecraft:chest":1,"minecraft:spruce_boat":4,"minecraft:smoker":1,"minecraft:cooked_beef":7,"minecraft:cooked_cod":4,"minecraft:crafting_table":9,"minecraft:spruce_planks":74,"minecraft:wooden_pickaxe":2,"minecraft:stone_axe":2,"minecraft:air":0,"minecraft:oak_boat":1,"minecraft:diamond_pickaxe":1,"minecraft:stick":24,"minecraft:iron_ingot":5,"minecraft:iron_pickaxe":1,"minecraft:stone_sword":2,"minecraft:iron_shovel":1,"minecraft:iron_leggings":1,"minecraft:white_bed":1,"minecraft:torch":20},"minecraft:killed_by":{"minecraft:creeper":1,"minecraft:skeleton":1,"minecraft:zombie":2},"minecraft:dropped":{"minecraft:wheat_seeds":1,"minecraft:feather":1,"minecraft:cobblestone":12,"minecraft:leather":1,"minecraft:copper_ingot":2,"minecraft:stick":3,"minecraft:heart_of_the_sea":1,"minecraft:golden_hoe":1,"minecraft:white_wool":2,"minecraft:spruce_sapling":1,"minecraft:kelp":6,"minecraft:sweet_berries":8,"minecraft:chicken":1,"minecraft:rotten_flesh":2,"minecraft:flint_and_steel":3,"minecraft:filled_map":5,"minecraft:oak_sapling":2,"minecraft:wooden_pickaxe":2,"minecraft:stone_pickaxe":2,"minecraft:bell":1,"minecraft:netherrack":23,"minecraft:black_wool":1},"minecraft:picked_up":{"minecraft:fishing_rod":1,"minecraft:crafting_table":4,"minecraft:iron_chestplate":1,"minecraft:chicken":8,"minecraft:raw_copper":44,"minecraft:flint_and_steel":1,"minecraft:pufferfish":2,"minecraft:gold_nugget":41,"minecraft:spruce_planks":57,"minecraft:beef":35,"minecraft:oak_boat":12,"minecraft:light_gray_wool":2,"minecraft:sugar_cane":53,"minecraft:melon_slice":64,"minecraft:spruce_trapdoor":5,"minecraft:stick":14,"minecraft:raw_iron":3,"minecraft:sandstone":47,"minecraft:copper_ingot":2,"minecraft:torch":21,"minecraft:porkchop":40,"minecraft:rotten_flesh":6,"minecraft:stone_sword":3,"minecraft:arrow":5,"minecraft:hay_block":6,"minecraft:mutton":23,"minecraft:obsidian":5,"minecraft:cod":7,"minecraft:cobblestone":454,"minecraft:white_wool":12,"minecraft:oxeye_daisy":1,"minecraft:magma_block":1,"minecraft:feather":3,"minecraft:salmon":2,"minecraft:leather":15,"minecraft:potato":3,"minecraft:oak_log":15,"minecraft:blue_bed":7,"minecraft:dirt":223,"minecraft:bone":4,"minecraft:kelp":115,"minecraft:wheat_seeds":6,"minecraft:heart_of_the_sea":1,"minecraft:bell":1,"minecraft:stone_pickaxe":5,"minecraft:iron_ingot":1,"minecraft:oak_planks":23,"minecraft:pumpkin":6,"minecraft:sweet_berries":320,"minecraft:sand":106,"minecraft:spruce_sapling":12,"minecraft:blast_furnace":3,"minecraft:white_bed":1,"minecraft:spruce_log":102,"minecraft:mossy_cobblestone":1,"minecraft:stone_axe":3,"minecraft:spruce_boat":16,"minecraft:bread":3,"minecraft:oak_sapling":10,"minecraft:netherrack":23,"minecraft:black_wool":3,"minecraft:coal":32,"minecraft:sunflower":1},"minecraft:used":{"minecraft:stone_sword":71,"minecraft:iron_shovel":37,"minecraft:flint_and_steel":11,"minecraft:stone_shovel":131,"minecraft:chest":1,"minecraft:spruce_planks":30,"minecraft:rotten_flesh":2,"minecraft:torch":27,"minecraft:dirt":66,"minecraft:mutton":3,"minecraft:carrot":1,"minecraft:obsidian":8,"minecraft:spruce_boat":19,"minecraft:iron_boots":1,"minecraft:light_gray_wool":2,"minecraft:magma_block":1,"minecraft:beef":7,"minecraft:sweet_berries":22,"minecraft:oak_sapling":16,"minecraft:cooked_cod":5,"minecraft:cooked_beef":5,"minecraft:iron_leggings":1,"minecraft:glass_bottle":1,"minecraft:stone_pickaxe":419,"minecraft:oak_planks":23,"minecraft:wooden_pickaxe":50,"minecraft:blue_bed":6,"minecraft:salmon":2,"minecraft:mossy_cobblestone":1,"minecraft:golden_hoe":4,"minecraft:sand":34,"minecraft:crafting_table":11,"minecraft:blast_furnace":1,"minecraft:white_bed":2,"minecraft:cod":1,"minecraft:spruce_log":2,"minecraft:smoker":1,"minecraft:diamond_pickaxe":38,"minecraft:oxeye_daisy":1,"minecraft:sunflower":1,"minecraft:iron_pickaxe":74,"minecraft:melon_slice":4,"minecraft:bread":44,"minecraft:map":1,"minecraft:stone_axe":172,"minecraft:fishing_rod":10,"minecraft:potion":1,"minecraft:cobblestone":96,"minecraft:oak_boat":13},"minecraft:killed":{"minecraft:spider":1,"minecraft:skeleton":1,"minecraft:chicken":3,"minecraft:drowned":3,"minecraft:pig":7,"minecraft:sheep":7,"minecraft:cow":8},"minecraft:broken":{"minecraft:stone_pickaxe":3,"minecraft:stone_axe":1,"minecraft:stone_shovel":1},"minecraft:mined":{"minecraft:nether_gold_ore":9,"minecraft:spruce_planks":15,"minecraft:white_bed":1,"minecraft:mossy_cobblestone":1,"minecraft:obsidian":5,"minecraft:spruce_trapdoor":5,"minecraft:grass_block":101,"minecraft:spruce_leaves":54,"minecraft:kelp":3,"minecraft:oxeye_daisy":1,"minecraft:sandstone":49,"minecraft:large_fern":32,"minecraft:hay_block":6,"minecraft:tall_seagrass":3,"minecraft:magma_block":1,"minecraft:iron_ore":3,"minecraft:fire":1,"minecraft:pumpkin":2,"minecraft:azure_bluet":1,"minecraft:bell":1,"minecraft:dirt_path":21,"minecraft:stone":409,"minecraft:kelp_plant":6,"minecraft:crafting_table":2,"minecraft:torch":15,"minecraft:blast_furnace":3,"minecraft:melon":15,"minecraft:chest":1,"minecraft:tall_grass":2,"minecraft:copper_ore":13,"minecraft:cobblestone":16,"minecraft:sugar_cane":18,"minecraft:oak_planks":2,"minecraft:wall_torch":1,"minecraft:blue_bed":7,"minecraft:seagrass":2,"minecraft:sweet_berry_bush":52,"minecraft:spruce_log":81,"minecraft:light_gray_wool":1,"minecraft:grass":26,"minecraft:oak_log":15,"minecraft:coal_ore":24,"minecraft:sunflower":1,"minecraft:sand":62,"minecraft:dirt":85,"minecraft:netherrack":23,"minecraft:oak_leaves":7,"minecraft:fern":4},"minecraft:custom":{"minecraft:mob_kills":31,"minecraft:interact_with_crafting_table":24,"minecraft:bell_ring":1,"minecraft:leave_game":11,"minecraft:time_since_death":107032,"minecraft:climb_one_cm":1603,"minecraft:sprint_one_cm":744666,"minecraft:walk_one_cm":519313,"minecraft:drop":36,"minecraft:talked_to_villager":8,"minecraft:play_time":311102,"minecraft:deaths":7,"minecraft:sneak_time":9663,"minecraft:walk_under_water_one_cm":142083,"minecraft:boat_one_cm":2806217,"minecraft:jump":5843,"minecraft:interact_with_blast_furnace":5,"minecraft:walk_on_water_one_cm":74090,"minecraft:total_world_time":311102,"minecraft:interact_with_furnace":5,"minecraft:interact_with_grindstone":1,"minecraft:sleep_in_bed":13,"minecraft:time_since_rest":47840,"minecraft:damage_taken":3958,"minecraft:damage_dealt":3593,"minecraft:swim_one_cm":243195,"minecraft:fly_one_cm":1272583,"minecraft:open_chest":64,"minecraft:crouch_one_cm":6101,"minecraft:interact_with_smoker":2,"minecraft:fish_caught":8,"minecraft:fall_one_cm":171375}},"DataVersion":3465}