{"stats":{"minecraft:crafted":{"minecraft:oak_planks":24,"minecraft:crafting_table":4,"minecraft:spruce_planks":120,"minecraft:wooden_pickaxe":1,"minecraft:iron_helmet":1,"minecraft:iron_sword":1,"minecraft:furnace":2,"minecraft:birch_planks":4,"minecraft:air":0,"minecraft:oak_boat":1,"minecraft:iron_boots":1,"minecraft:iron_chestplate":1,"minecraft:shield":1,"minecraft:iron_axe":1,"minecraft:stick":16,"minecraft:iron_ingot":50,"minecraft:iron_pickaxe":2,"minecraft:stone_pickaxe":1,"minecraft:stone_sword":1,"minecraft:chest":2,"minecraft:iron_shovel":1,"minecraft:iron_leggings":1,"minecraft:torch":8},"minecraft:dropped":{"minecraft:wheat_seeds":6,"minecraft:stone_sword":1,"minecraft:granite":1,"minecraft:gunpowder":1,"minecraft:andesite":5,"minecraft:wooden_pickaxe":1,"minecraft:stone_pickaxe":2,"minecraft:white_wool":1},"minecraft:picked_up":{"minecraft:birch_log":1,"minecraft:crafting_table":2,"minecraft:andesite":5,"minecraft:flint":6,"minecraft:tuff":3,"minecraft:oak_log":6,"minecraft:gunpowder":7,"minecraft:dirt":4,"minecraft:string":11,"minecraft:bone":15,"minecraft:bow":1,"minecraft:wheat_seeds":7,"minecraft:cobbled_deepslate":25,"minecraft:raw_gold":2,"minecraft:spruce_planks":2,"minecraft:stone_pickaxe":1,"minecraft:sugar_cane":19,"minecraft:oak_planks":22,"minecraft:furnace":1,"minecraft:stick":1,"minecraft:raw_iron":146,"minecraft:sweet_berries":58,"minecraft:torch":10,"minecraft:gravel":42,"minecraft:spruce_sapling":3,"minecraft:diorite":4,"minecraft:white_bed":1,"minecraft:spruce_log":31,"minecraft:spider_eye":2,"minecraft:arrow":9,"minecraft:rotten_flesh":25,"minecraft:diamond":9,"minecraft:granite":12,"minecraft:mutton":2,"minecraft:coal":87,"minecraft:white_wool":1,"minecraft:rail":11,"minecraft:cobblestone":166},"minecraft:used":{"minecraft:water_bucket":1,"minecraft:diorite":2,"minecraft:stone_sword":38,"minecraft:iron_shovel":18,"minecraft:stone_pickaxe":127,"minecraft:spruce_planks":57,"minecraft:chest":2,"minecraft:wooden_pickaxe":12,"minecraft:shield":7,"minecraft:iron_sword":158,"minecraft:sugar_cane":19,"minecraft:rotten_flesh":28,"minecraft:torch":63,"minecraft:golden_apple":1,"minecraft:dirt":2,"minecraft:rail":1,"minecraft:mutton":2,"minecraft:crafting_table":6,"minecraft:white_bed":1,"minecraft:apple":13,"minecraft:iron_axe":52,"minecraft:bread":3,"minecraft:iron_pickaxe":335,"minecraft:map":1,"minecraft:gravel":2,"minecraft:cobblestone":117,"minecraft:bow":3,"minecraft:sweet_berries":8,"minecraft:furnace":3,"minecraft:bucket":1,"minecraft:oak_boat":1,"minecraft:cobbled_deepslate":10},"minecraft:killed":{"minecraft:spider":6,"minecraft:creeper":8,"minecraft:sheep":1,"minecraft:skeleton":13,"minecraft:zombie":16},"minecraft:broken":{"minecraft:iron_pickaxe":1},"minecraft:mined":{"minecraft:tuff":2,"minecraft:spruce_planks":2,"minecraft:white_bed":1,"minecraft:deepslate_diamond_ore":9,"minecraft:crafting_table":2,"minecraft:torch":5,"minecraft:granite":11,"minecraft:grass_block":2,"minecraft:tall_grass":6,"minecraft:cobblestone":16,"minecraft:spruce_leaves":8,"minecraft:deepslate_gold_ore":2,"minecraft:sugar_cane":7,"minecraft:oak_planks":17,"minecraft:diorite":4,"minecraft:wall_torch":4,"minecraft:furnace":1,"minecraft:sweet_berry_bush":23,"minecraft:iron_ore":144,"minecraft:cobbled_deepslate":3,"minecraft:spruce_log":31,"minecraft:andesite":5,"minecraft:birch_leaves":2,"minecraft:grass":22,"minecraft:oak_log":6,"minecraft:pointed_dripstone":1,"minecraft:coal_ore":70,"minecraft:deepslate_iron_ore":4,"minecraft:rail":11,"minecraft:gravel":29,"minecraft:dirt":3,"minecraft:cobweb":8,"minecraft:stone":149,"minecraft:fern":6,"minecraft:deepslate":22},"minecraft:custom":{"minecraft:interact_with_furnace":12,"minecraft:mob_kills":45,"minecraft:interact_with_crafting_table":29,"minecraft:leave_game":3,"minecraft:time_since_death":97874,"minecraft:climb_one_cm":386,"minecraft:time_since_rest":97910,"minecraft:sprint_one_cm":385662,"minecraft:damage_absorbed":39,"minecraft:damage_taken":1407,"minecraft:walk_one_cm":389043,"minecraft:damage_blocked_by_shield":400,"minecraft:drop":9,"minecraft:damage_dealt":8491,"minecraft:swim_one_cm":22514,"minecraft:fly_one_cm":227317,"minecraft:open_chest":12,"minecraft:play_time":101835,"minecraft:crouch_one_cm":1174,"minecraft:deaths":2,"minecraft:sneak_time":367,"minecraft:walk_under_water_one_cm":9559,"minecraft:boat_one_cm":67866,"minecraft:jump":1728,"minecraft:walk_on_water_one_cm":5272,"minecraft:total_world_time":101835,"minecraft:fall_one_cm":33811}},"DataVersion":3465}