{"stats":{"minecraft:killed":{"minecraft:pig":2,"minecraft:spider":1,"minecraft:creeper":1,"minecraft:skeleton":1,"minecraft:zombie":7,"minecraft:drowned":1},"minecraft:dropped":{"minecraft:stone_axe":2,"minecraft:dirt":8,"minecraft:gunpowder":1,"minecraft:stone_pickaxe":1,"minecraft:wooden_pickaxe":4},"minecraft:killed_by":{"minecraft:drowned":1},"minecraft:used":{"minecraft:stone_sword":5,"minecraft:stone_pickaxe":54,"minecraft:spruce_planks":9,"minecraft:wooden_pickaxe":27,"minecraft:rotten_flesh":8,"minecraft:torch":10,"minecraft:dirt":58,"minecraft:crafting_table":3,"minecraft:spruce_log":1,"minecraft:smoker":1,"minecraft:obsidian":2,"minecraft:polished_granite":1,"minecraft:stone_axe":114,"minecraft:cobblestone":7,"minecraft:bow":1,"minecraft:cooked_porkchop":2,"minecraft:furnace":1,"minecraft:porkchop":1,"minecraft:golden_axe":32},"minecraft:crafted":{"minecraft:cooked_porkchop":2,"minecraft:crafting_table":1,"minecraft:spruce_planks":156,"minecraft:wooden_pickaxe":2,"minecraft:furnace":2,"minecraft:stone_axe":2,"minecraft:air":0,"minecraft:charcoal":6,"minecraft:stick":10,"minecraft:stone_pickaxe":1,"minecraft:stone_sword":1,"minecraft:torch":8,"minecraft:smoker":1},"minecraft:custom":{"minecraft:interact_with_furnace":4,"minecraft:mob_kills":13,"minecraft:interact_with_crafting_table":7,"minecraft:leave_game":1,"minecraft:time_since_death":6625,"minecraft:time_since_rest":6662,"minecraft:sprint_one_cm":114319,"minecraft:damage_taken":593,"minecraft:walk_one_cm":132767,"minecraft:drop":9,"minecraft:damage_dealt":2385,"minecraft:swim_one_cm":1769,"minecraft:fly_one_cm":153547,"minecraft:open_chest":4,"minecraft:play_time":47754,"minecraft:deaths":1,"minecraft:sneak_time":2,"minecraft:walk_under_water_one_cm":4091,"minecraft:jump":727,"minecraft:walk_on_water_one_cm":2856,"minecraft:interact_with_smoker":4,"minecraft:total_world_time":47754,"minecraft:fall_one_cm":12052},"minecraft:mined":{"minecraft:spruce_planks":2,"minecraft:smoker":1,"minecraft:polished_granite":1,"minecraft:crafting_table":3,"minecraft:torch":9,"minecraft:grass_block":14,"minecraft:cobblestone":2,"minecraft:spruce_leaves":17,"minecraft:sugar_cane":2,"minecraft:large_fern":48,"minecraft:furnace":1,"minecraft:ice":10,"minecraft:spruce_log":50,"minecraft:grass":4,"minecraft:gravel":5,"minecraft:dirt":38,"minecraft:packed_ice":36,"minecraft:stone":50,"minecraft:fern":15},"minecraft:picked_up":{"minecraft:crafting_table":3,"minecraft:packed_ice":30,"minecraft:wooden_pickaxe":2,"minecraft:smoker":2,"minecraft:flint":2,"minecraft:gunpowder":1,"minecraft:string":2,"minecraft:dirt":68,"minecraft:polished_granite":1,"minecraft:bow":1,"minecraft:wheat_seeds":22,"minecraft:spruce_planks":133,"minecraft:stone_pickaxe":2,"minecraft:sugar_cane":14,"minecraft:furnace":2,"minecraft:stick":33,"minecraft:copper_ingot":1,"minecraft:torch":8,"minecraft:gravel":3,"minecraft:porkchop":3,"minecraft:sand":20,"minecraft:spruce_sapling":24,"minecraft:spruce_log":50,"minecraft:spider_eye":1,"minecraft:arrow":1,"minecraft:rotten_flesh":7,"minecraft:stone_axe":3,"minecraft:snowball":4,"minecraft:cobblestone":91},"minecraft:broken":{"minecraft:golden_axe":1,"minecraft:stone_axe":1}},"DataVersion":3105}