{"stats":{"minecraft:crafted":{"minecraft:oak_planks":24,"minecraft:crafting_table":4,"minecraft:wooden_pickaxe":1,"minecraft:iron_helmet":1,"minecraft:iron_sword":1,"minecraft:furnace":2,"minecraft:birch_planks":4,"minecraft:air":0,"minecraft:oak_boat":1,"minecraft:iron_chestplate":1,"minecraft:iron_boots":1,"minecraft:stick":12,"minecraft:iron_ingot":30,"minecraft:iron_pickaxe":1,"minecraft:stone_pickaxe":1,"minecraft:stone_sword":1,"minecraft:iron_shovel":1,"minecraft:iron_leggings":1,"minecraft:torch":4},"minecraft:dropped":{"minecraft:wheat_seeds":6,"minecraft:stone_sword":1,"minecraft:granite":1,"minecraft:gunpowder":1,"minecraft:andesite":5,"minecraft:stone_pickaxe":2,"minecraft:wooden_pickaxe":1,"minecraft:white_wool":1},"minecraft:picked_up":{"minecraft:birch_log":1,"minecraft:andesite":5,"minecraft:flint":3,"minecraft:oak_log":6,"minecraft:gunpowder":3,"minecraft:string":7,"minecraft:dirt":2,"minecraft:bone":5,"minecraft:bow":1,"minecraft:wheat_seeds":6,"minecraft:stone_pickaxe":1,"minecraft:sugar_cane":19,"minecraft:oak_planks":2,"minecraft:raw_iron":54,"minecraft:torch":3,"minecraft:gravel":25,"minecraft:diorite":4,"minecraft:white_bed":1,"minecraft:arrow":4,"minecraft:rotten_flesh":13,"minecraft:granite":12,"minecraft:mutton":2,"minecraft:coal":61,"minecraft:rail":11,"minecraft:white_wool":1,"minecraft:cobblestone":137},"minecraft:used":{"minecraft:diorite":2,"minecraft:stone_sword":38,"minecraft:iron_shovel":18,"minecraft:stone_pickaxe":127,"minecraft:wooden_pickaxe":12,"minecraft:iron_sword":40,"minecraft:sugar_cane":19,"minecraft:rotten_flesh":9,"minecraft:torch":2,"minecraft:dirt":2,"minecraft:rail":1,"minecraft:mutton":2,"minecraft:crafting_table":4,"minecraft:white_bed":1,"minecraft:apple":9,"minecraft:bread":3,"minecraft:iron_pickaxe":152,"minecraft:map":1,"minecraft:gravel":2,"minecraft:cobblestone":43,"minecraft:furnace":2,"minecraft:oak_boat":1},"minecraft:killed":{"minecraft:spider":2,"minecraft:creeper":4,"minecraft:sheep":1,"minecraft:skeleton":5,"minecraft:zombie":4},"minecraft:mined":{"minecraft:white_bed":1,"minecraft:granite":11,"minecraft:grass_block":2,"minecraft:tall_grass":6,"minecraft:cobblestone":6,"minecraft:oak_planks":2,"minecraft:sugar_cane":7,"minecraft:diorite":4,"minecraft:wall_torch":2,"minecraft:iron_ore":55,"minecraft:birch_leaves":2,"minecraft:andesite":5,"minecraft:grass":21,"minecraft:oak_log":6,"minecraft:coal_ore":61,"minecraft:rail":10,"minecraft:dirt":2,"minecraft:gravel":23,"minecraft:cobweb":8,"minecraft:stone":130},"minecraft:custom":{"minecraft:interact_with_furnace":9,"minecraft:mob_kills":17,"minecraft:interact_with_crafting_table":19,"minecraft:time_since_death":45006,"minecraft:climb_one_cm":386,"minecraft:time_since_rest":45042,"minecraft:sprint_one_cm":163338,"minecraft:damage_taken":967,"minecraft:walk_one_cm":135294,"minecraft:drop":9,"minecraft:damage_dealt":3083,"minecraft:swim_one_cm":14304,"minecraft:fly_one_cm":133115,"minecraft:open_chest":3,"minecraft:crouch_one_cm":1003,"minecraft:play_time":48967,"minecraft:deaths":2,"minecraft:sneak_time":322,"minecraft:walk_under_water_one_cm":718,"minecraft:boat_one_cm":67866,"minecraft:jump":785,"minecraft:walk_on_water_one_cm":2094,"minecraft:total_world_time":48967,"minecraft:fall_one_cm":23017}},"DataVersion":3465}