{"stats":{"minecraft:crafted":{"minecraft:oak_boat":1,"minecraft:oak_planks":8,"minecraft:birch_planks":4,"minecraft:crafting_table":1},"minecraft:picked_up":{"minecraft:birch_log":1,"minecraft:oak_log":2,"minecraft:white_bed":1,"minecraft:mutton":2,"minecraft:white_wool":1},"minecraft:used":{"minecraft:apple":3,"minecraft:mutton":2,"minecraft:crafting_table":1,"minecraft:map":1,"minecraft:oak_boat":1},"minecraft:killed":{"minecraft:sheep":1},"minecraft:mined":{"minecraft:oak_log":2,"minecraft:white_bed":1,"minecraft:tall_grass":2,"minecraft:birch_leaves":2},"minecraft:custom":{"minecraft:open_chest":3,"minecraft:time_since_rest":9042,"minecraft:walk_one_cm":22099,"minecraft:play_time":12967,"minecraft:sprint_one_cm":57008,"minecraft:damage_taken":620,"minecraft:deaths":2,"minecraft:walk_under_water_one_cm":329,"minecraft:mob_kills":1,"minecraft:boat_one_cm":67866,"minecraft:jump":275,"minecraft:damage_dealt":125,"minecraft:time_since_death":9006,"minecraft:walk_on_water_one_cm":847,"minecraft:climb_one_cm":386,"minecraft:total_world_time":12967,"minecraft:swim_one_cm":12032,"minecraft:interact_with_crafting_table":1,"minecraft:fall_one_cm":16358,"minecraft:fly_one_cm":62202}},"DataVersion":3465}