{"stats":{"minecraft:crafted":{"minecraft:oak_door":3,"minecraft:oak_planks":24,"minecraft:crafting_table":4,"minecraft:spruce_planks":288,"minecraft:wooden_pickaxe":1,"minecraft:iron_helmet":1,"minecraft:iron_sword":1,"minecraft:furnace":2,"minecraft:birch_planks":4,"minecraft:air":0,"minecraft:oak_boat":1,"minecraft:polished_deepslate":12,"minecraft:iron_boots":1,"minecraft:iron_chestplate":1,"minecraft:shield":1,"minecraft:iron_axe":1,"minecraft:stick":16,"minecraft:iron_ingot":50,"minecraft:iron_pickaxe":2,"minecraft:stone_pickaxe":1,"minecraft:stone_sword":1,"minecraft:chest":2,"minecraft:iron_shovel":1,"minecraft:iron_leggings":1,"minecraft:torch":12},"minecraft:dropped":{"minecraft:wheat_seeds":6,"minecraft:stone_sword":1,"minecraft:granite":1,"minecraft:rail":10,"minecraft:gunpowder":1,"minecraft:andesite":5,"minecraft:wooden_pickaxe":1,"minecraft:stone_pickaxe":2,"minecraft:white_wool":1},"minecraft:picked_up":{"minecraft:birch_log":1,"minecraft:crafting_table":3,"minecraft:andesite":5,"minecraft:potato":12,"minecraft:filled_map":1,"minecraft:enchanted_book":1,"minecraft:flint":12,"minecraft:tuff":6,"minecraft:oak_log":6,"minecraft:gunpowder":11,"minecraft:lapis_lazuli":13,"minecraft:dirt":16,"minecraft:string":22,"minecraft:iron_shovel":1,"minecraft:bone":60,"minecraft:bow":2,"minecraft:wheat_seeds":7,"minecraft:cobbled_deepslate":40,"minecraft:raw_gold":2,"minecraft:bucket":1,"minecraft:spruce_planks":35,"minecraft:iron_ingot":16,"minecraft:stone_pickaxe":1,"minecraft:sugar_cane":19,"minecraft:chest":2,"minecraft:oak_planks":34,"minecraft:furnace":2,"minecraft:stick":4,"minecraft:raw_iron":240,"minecraft:sweet_berries":58,"minecraft:torch":12,"minecraft:gravel":42,"minecraft:spruce_sapling":13,"minecraft:diorite":4,"minecraft:white_bed":1,"minecraft:spruce_log":77,"minecraft:iron_horse_armor":1,"minecraft:spider_eye":4,"minecraft:arrow":15,"minecraft:rotten_flesh":25,"minecraft:diamond":18,"minecraft:granite":12,"minecraft:golden_apple":1,"minecraft:saddle":2,"minecraft:mutton":2,"minecraft:coal":125,"minecraft:white_wool":1,"minecraft:rail":31,"minecraft:cobblestone":194},"minecraft:used":{"minecraft:water_bucket":1,"minecraft:diorite":2,"minecraft:stone_sword":38,"minecraft:polished_deepslate":10,"minecraft:iron_shovel":18,"minecraft:stone_pickaxe":127,"minecraft:spruce_planks":207,"minecraft:chest":4,"minecraft:wooden_pickaxe":12,"minecraft:shield":7,"minecraft:iron_sword":158,"minecraft:sugar_cane":19,"minecraft:rotten_flesh":28,"minecraft:oak_door":1,"minecraft:torch":70,"minecraft:golden_apple":1,"minecraft:dirt":2,"minecraft:rail":1,"minecraft:mutton":2,"minecraft:crafting_table":7,"minecraft:white_bed":1,"minecraft:spruce_log":2,"minecraft:apple":13,"minecraft:iron_axe":143,"minecraft:bread":3,"minecraft:iron_pickaxe":336,"minecraft:map":1,"minecraft:spruce_sapling":2,"minecraft:gravel":2,"minecraft:cobblestone":117,"minecraft:bow":3,"minecraft:sweet_berries":17,"minecraft:furnace":4,"minecraft:bucket":1,"minecraft:oak_boat":1,"minecraft:cobbled_deepslate":10},"minecraft:killed":{"minecraft:spider":6,"minecraft:creeper":8,"minecraft:sheep":1,"minecraft:skeleton":13,"minecraft:zombie":17},"minecraft:broken":{"minecraft:iron_pickaxe":1},"minecraft:mined":{"minecraft:tuff":2,"minecraft:spruce_planks":35,"minecraft:white_bed":1,"minecraft:deepslate_diamond_ore":9,"minecraft:crafting_table":3,"minecraft:torch":6,"minecraft:granite":11,"minecraft:grass_block":12,"minecraft:chest":2,"minecraft:tall_grass":6,"minecraft:cobblestone":16,"minecraft:spruce_leaves":16,"minecraft:deepslate_gold_ore":2,"minecraft:sugar_cane":7,"minecraft:oak_planks":17,"minecraft:diorite":4,"minecraft:wall_torch":5,"minecraft:furnace":2,"minecraft:sweet_berry_bush":23,"minecraft:iron_ore":144,"minecraft:cobbled_deepslate":3,"minecraft:ice":2,"minecraft:spruce_log":77,"minecraft:andesite":5,"minecraft:birch_leaves":2,"minecraft:grass":22,"minecraft:oak_log":6,"minecraft:pointed_dripstone":1,"minecraft:coal_ore":70,"minecraft:deepslate_iron_ore":4,"minecraft:rail":11,"minecraft:gravel":29,"minecraft:dirt":3,"minecraft:cobweb":8,"minecraft:stone":149,"minecraft:fern":6,"minecraft:deepslate":22},"minecraft:custom":{"minecraft:interact_with_furnace":12,"minecraft:mob_kills":46,"minecraft:interact_with_crafting_table":31,"minecraft:leave_game":3,"minecraft:time_since_death":109874,"minecraft:sleep_in_bed":1,"minecraft:climb_one_cm":386,"minecraft:time_since_rest":6345,"minecraft:sprint_one_cm":409097,"minecraft:damage_absorbed":39,"minecraft:damage_taken":1439,"minecraft:walk_one_cm":437540,"minecraft:damage_blocked_by_shield":400,"minecraft:drop":10,"minecraft:damage_dealt":8501,"minecraft:swim_one_cm":22514,"minecraft:fly_one_cm":266466,"minecraft:open_chest":22,"minecraft:play_time":113835,"minecraft:crouch_one_cm":1174,"minecraft:deaths":2,"minecraft:sneak_time":367,"minecraft:walk_under_water_one_cm":9559,"minecraft:boat_one_cm":67866,"minecraft:jump":1854,"minecraft:walk_on_water_one_cm":5727,"minecraft:total_world_time":113835,"minecraft:fall_one_cm":35400}},"DataVersion":3465}