{"stats":{"minecraft:crafted":{"minecraft:oak_planks":24,"minecraft:crafting_table":4,"minecraft:wooden_pickaxe":1,"minecraft:iron_helmet":1,"minecraft:iron_sword":1,"minecraft:furnace":2,"minecraft:birch_planks":4,"minecraft:air":0,"minecraft:oak_boat":1,"minecraft:iron_boots":1,"minecraft:iron_chestplate":1,"minecraft:shield":1,"minecraft:iron_axe":1,"minecraft:stick":16,"minecraft:iron_ingot":50,"minecraft:iron_pickaxe":2,"minecraft:stone_pickaxe":1,"minecraft:stone_sword":1,"minecraft:iron_shovel":1,"minecraft:iron_leggings":1,"minecraft:torch":8},"minecraft:dropped":{"minecraft:wheat_seeds":6,"minecraft:stone_sword":1,"minecraft:granite":1,"minecraft:gunpowder":1,"minecraft:andesite":5,"minecraft:wooden_pickaxe":1,"minecraft:stone_pickaxe":2,"minecraft:white_wool":1},"minecraft:picked_up":{"minecraft:birch_log":1,"minecraft:crafting_table":2,"minecraft:andesite":5,"minecraft:flint":6,"minecraft:oak_log":6,"minecraft:gunpowder":7,"minecraft:dirt":4,"minecraft:string":11,"minecraft:bone":13,"minecraft:bow":1,"minecraft:wheat_seeds":6,"minecraft:cobbled_deepslate":1,"minecraft:stone_pickaxe":1,"minecraft:sugar_cane":19,"minecraft:oak_planks":22,"minecraft:furnace":1,"minecraft:raw_iron":146,"minecraft:torch":10,"minecraft:gravel":42,"minecraft:diorite":4,"minecraft:white_bed":1,"minecraft:spider_eye":2,"minecraft:diamond":1,"minecraft:arrow":9,"minecraft:rotten_flesh":18,"minecraft:granite":12,"minecraft:mutton":2,"minecraft:coal":87,"minecraft:white_wool":1,"minecraft:rail":11,"minecraft:cobblestone":166},"minecraft:used":{"minecraft:diorite":2,"minecraft:stone_sword":38,"minecraft:iron_shovel":18,"minecraft:stone_pickaxe":127,"minecraft:wooden_pickaxe":12,"minecraft:shield":6,"minecraft:iron_sword":130,"minecraft:sugar_cane":19,"minecraft:rotten_flesh":19,"minecraft:torch":60,"minecraft:golden_apple":1,"minecraft:dirt":2,"minecraft:rail":1,"minecraft:mutton":2,"minecraft:crafting_table":5,"minecraft:white_bed":1,"minecraft:apple":13,"minecraft:iron_axe":15,"minecraft:bread":3,"minecraft:iron_pickaxe":298,"minecraft:map":1,"minecraft:gravel":2,"minecraft:cobblestone":117,"minecraft:bow":3,"minecraft:furnace":2,"minecraft:oak_boat":1,"minecraft:cobbled_deepslate":1},"minecraft:killed":{"minecraft:spider":5,"minecraft:creeper":8,"minecraft:sheep":1,"minecraft:skeleton":11,"minecraft:zombie":12},"minecraft:broken":{"minecraft:iron_pickaxe":1},"minecraft:mined":{"minecraft:white_bed":1,"minecraft:deepslate_diamond_ore":1,"minecraft:crafting_table":2,"minecraft:torch":5,"minecraft:granite":11,"minecraft:grass_block":2,"minecraft:tall_grass":6,"minecraft:cobblestone":16,"minecraft:sugar_cane":7,"minecraft:oak_planks":17,"minecraft:diorite":4,"minecraft:wall_torch":4,"minecraft:furnace":1,"minecraft:iron_ore":144,"minecraft:andesite":5,"minecraft:birch_leaves":2,"minecraft:grass":21,"minecraft:oak_log":6,"minecraft:coal_ore":70,"minecraft:deepslate_iron_ore":4,"minecraft:rail":11,"minecraft:gravel":29,"minecraft:dirt":3,"minecraft:cobweb":8,"minecraft:stone":149,"minecraft:deepslate":1},"minecraft:custom":{"minecraft:interact_with_furnace":12,"minecraft:mob_kills":38,"minecraft:interact_with_crafting_table":27,"minecraft:leave_game":1,"minecraft:time_since_death":74654,"minecraft:climb_one_cm":386,"minecraft:time_since_rest":74690,"minecraft:sprint_one_cm":314293,"minecraft:damage_absorbed":39,"minecraft:damage_taken":1245,"minecraft:walk_one_cm":271177,"minecraft:damage_blocked_by_shield":300,"minecraft:drop":9,"minecraft:damage_dealt":7138,"minecraft:swim_one_cm":18869,"minecraft:fly_one_cm":178924,"minecraft:open_chest":5,"minecraft:crouch_one_cm":1003,"minecraft:play_time":78615,"minecraft:deaths":2,"minecraft:sneak_time":322,"minecraft:walk_under_water_one_cm":1173,"minecraft:boat_one_cm":67866,"minecraft:jump":1230,"minecraft:walk_on_water_one_cm":3505,"minecraft:total_world_time":78615,"minecraft:fall_one_cm":27688}},"DataVersion":3465}