{"stats":{"minecraft:killed":{"minecraft:skeleton":1,"minecraft:zombie":6,"minecraft:pig":2,"minecraft:spider":1,"minecraft:creeper":1},"minecraft:dropped":{"minecraft:dirt":8,"minecraft:gunpowder":1,"minecraft:wooden_pickaxe":4},"minecraft:used":{"minecraft:stone_pickaxe":35,"minecraft:wooden_pickaxe":27,"minecraft:rotten_flesh":6,"minecraft:stone_axe":99,"minecraft:torch":9,"minecraft:dirt":14,"minecraft:bow":1,"minecraft:crafting_table":3,"minecraft:furnace":1,"minecraft:porkchop":1,"minecraft:cooked_porkchop":1,"minecraft:smoker":1,"minecraft:spruce_log":1},"minecraft:crafted":{"minecraft:charcoal":6,"minecraft:cooked_porkchop":1,"minecraft:crafting_table":1,"minecraft:spruce_planks":156,"minecraft:stick":10,"minecraft:stone_pickaxe":1,"minecraft:wooden_pickaxe":2,"minecraft:stone_sword":1,"minecraft:furnace":2,"minecraft:torch":8,"minecraft:stone_axe":1,"minecraft:air":0,"minecraft:smoker":1},"minecraft:custom":{"minecraft:time_since_rest":23754,"minecraft:sprint_one_cm":60940,"minecraft:interact_with_furnace":4,"minecraft:damage_taken":285,"minecraft:walk_one_cm":72260,"minecraft:mob_kills":11,"minecraft:drop":6,"minecraft:damage_dealt":1871,"minecraft:interact_with_crafting_table":6,"minecraft:fly_one_cm":75948,"minecraft:play_time":23754,"minecraft:sneak_time":2,"minecraft:walk_under_water_one_cm":148,"minecraft:jump":324,"minecraft:walk_on_water_one_cm":142,"minecraft:leave_game":1,"minecraft:time_since_death":23754,"minecraft:total_world_time":23754,"minecraft:interact_with_smoker":3,"minecraft:fall_one_cm":5676},"minecraft:picked_up":{"minecraft:crafting_table":2,"minecraft:stick":13,"minecraft:torch":2,"minecraft:wooden_pickaxe":2,"minecraft:porkchop":3,"minecraft:spruce_sapling":12,"minecraft:gunpowder":1,"minecraft:spruce_log":50,"minecraft:spider_eye":1,"minecraft:dirt":50,"minecraft:string":2,"minecraft:arrow":1,"minecraft:rotten_flesh":6,"minecraft:bow":1,"minecraft:wheat_seeds":11,"minecraft:cobblestone":50},"minecraft:mined":{"minecraft:large_fern":48,"minecraft:spruce_log":50,"minecraft:crafting_table":2,"minecraft:torch":2,"minecraft:grass":4,"minecraft:grass_block":14,"minecraft:dirt":36,"minecraft:spruce_leaves":17,"minecraft:stone":50,"minecraft:fern":15},"minecraft:broken":{"minecraft:stone_axe":1}},"DataVersion":3105}