{"stats":{"minecraft:crafted":{"minecraft:oak_planks":24,"minecraft:crafting_table":4,"minecraft:wooden_pickaxe":1,"minecraft:iron_helmet":1,"minecraft:iron_sword":1,"minecraft:furnace":2,"minecraft:birch_planks":4,"minecraft:air":0,"minecraft:oak_boat":1,"minecraft:iron_chestplate":1,"minecraft:iron_boots":1,"minecraft:shield":1,"minecraft:iron_axe":1,"minecraft:stick":16,"minecraft:iron_ingot":50,"minecraft:iron_pickaxe":2,"minecraft:stone_pickaxe":1,"minecraft:stone_sword":1,"minecraft:iron_shovel":1,"minecraft:iron_leggings":1,"minecraft:torch":4},"minecraft:dropped":{"minecraft:wheat_seeds":6,"minecraft:stone_sword":1,"minecraft:granite":1,"minecraft:gunpowder":1,"minecraft:andesite":5,"minecraft:stone_pickaxe":2,"minecraft:wooden_pickaxe":1,"minecraft:white_wool":1},"minecraft:picked_up":{"minecraft:birch_log":1,"minecraft:crafting_table":2,"minecraft:andesite":5,"minecraft:flint":6,"minecraft:oak_log":6,"minecraft:gunpowder":3,"minecraft:string":10,"minecraft:dirt":4,"minecraft:bone":10,"minecraft:bow":1,"minecraft:wheat_seeds":6,"minecraft:stone_pickaxe":1,"minecraft:sugar_cane":19,"minecraft:oak_planks":22,"minecraft:furnace":1,"minecraft:raw_iron":142,"minecraft:torch":9,"minecraft:gravel":42,"minecraft:diorite":4,"minecraft:white_bed":1,"minecraft:spider_eye":1,"minecraft:arrow":7,"minecraft:rotten_flesh":15,"minecraft:granite":12,"minecraft:mutton":2,"minecraft:coal":87,"minecraft:rail":11,"minecraft:white_wool":1,"minecraft:cobblestone":161},"minecraft:used":{"minecraft:diorite":2,"minecraft:stone_sword":38,"minecraft:iron_shovel":18,"minecraft:stone_pickaxe":127,"minecraft:shield":5,"minecraft:wooden_pickaxe":12,"minecraft:iron_sword":69,"minecraft:sugar_cane":19,"minecraft:rotten_flesh":11,"minecraft:torch":56,"minecraft:dirt":2,"minecraft:rail":1,"minecraft:mutton":2,"minecraft:crafting_table":5,"minecraft:white_bed":1,"minecraft:apple":13,"minecraft:iron_axe":15,"minecraft:bread":3,"minecraft:iron_pickaxe":287,"minecraft:map":1,"minecraft:gravel":2,"minecraft:cobblestone":117,"minecraft:bow":3,"minecraft:furnace":2,"minecraft:oak_boat":1},"minecraft:killed":{"minecraft:spider":3,"minecraft:creeper":5,"minecraft:sheep":1,"minecraft:skeleton":8,"minecraft:zombie":7},"minecraft:broken":{"minecraft:iron_pickaxe":1},"minecraft:mined":{"minecraft:white_bed":1,"minecraft:crafting_table":2,"minecraft:torch":5,"minecraft:granite":11,"minecraft:grass_block":2,"minecraft:tall_grass":6,"minecraft:cobblestone":12,"minecraft:oak_planks":17,"minecraft:sugar_cane":7,"minecraft:diorite":4,"minecraft:wall_torch":3,"minecraft:furnace":1,"minecraft:iron_ore":143,"minecraft:birch_leaves":2,"minecraft:andesite":5,"minecraft:grass":21,"minecraft:oak_log":6,"minecraft:coal_ore":70,"minecraft:deepslate_iron_ore":1,"minecraft:rail":11,"minecraft:dirt":3,"minecraft:gravel":29,"minecraft:cobweb":8,"minecraft:stone":148},"minecraft:custom":{"minecraft:interact_with_furnace":12,"minecraft:mob_kills":25,"minecraft:interact_with_crafting_table":27,"minecraft:leave_game":1,"minecraft:time_since_death":66586,"minecraft:climb_one_cm":386,"minecraft:time_since_rest":66622,"minecraft:sprint_one_cm":283968,"minecraft:damage_taken":1076,"minecraft:walk_one_cm":231608,"minecraft:damage_blocked_by_shield":270,"minecraft:drop":9,"minecraft:damage_dealt":4541,"minecraft:swim_one_cm":18869,"minecraft:fly_one_cm":150942,"minecraft:open_chest":3,"minecraft:crouch_one_cm":1003,"minecraft:play_time":70547,"minecraft:deaths":2,"minecraft:sneak_time":322,"minecraft:walk_under_water_one_cm":1173,"minecraft:boat_one_cm":67866,"minecraft:jump":1022,"minecraft:walk_on_water_one_cm":3505,"minecraft:total_world_time":70547,"minecraft:fall_one_cm":24122}},"DataVersion":3465}