{"stats":{"minecraft:mined":{"minecraft:grass":3,"minecraft:grass_block":1,"minecraft:dirt":2},"minecraft:custom":{"minecraft:jump":60,"minecraft:time_since_rest":4994,"minecraft:damage_taken":20,"minecraft:sprint_one_cm":7265,"minecraft:play_time":4994,"minecraft:walk_on_water_one_cm":1899,"minecraft:time_since_death":4994,"minecraft:walk_one_cm":2767,"minecraft:total_world_time":4994,"minecraft:walk_under_water_one_cm":357,"minecraft:swim_one_cm":2315,"minecraft:fall_one_cm":1796,"minecraft:fly_one_cm":14324}},"DataVersion":3465}