{"stats":{"minecraft:crafted":{"minecraft:oak_planks":24,"minecraft:crafting_table":3,"minecraft:wooden_pickaxe":1,"minecraft:iron_helmet":1,"minecraft:furnace":1,"minecraft:birch_planks":4,"minecraft:air":0,"minecraft:oak_boat":1,"minecraft:iron_boots":1,"minecraft:stick":8,"minecraft:iron_ingot":21,"minecraft:iron_pickaxe":1,"minecraft:stone_pickaxe":1,"minecraft:stone_sword":1,"minecraft:iron_leggings":1,"minecraft:torch":4},"minecraft:dropped":{"minecraft:granite":1,"minecraft:andesite":5,"minecraft:stone_pickaxe":2,"minecraft:wooden_pickaxe":1},"minecraft:picked_up":{"minecraft:birch_log":1,"minecraft:andesite":5,"minecraft:flint":1,"minecraft:oak_log":6,"minecraft:gunpowder":1,"minecraft:dirt":2,"minecraft:bone":4,"minecraft:wheat_seeds":6,"minecraft:stone_pickaxe":1,"minecraft:sugar_cane":19,"minecraft:raw_iron":32,"minecraft:torch":2,"minecraft:gravel":2,"minecraft:white_bed":1,"minecraft:rotten_flesh":9,"minecraft:granite":1,"minecraft:mutton":2,"minecraft:coal":41,"minecraft:white_wool":1,"minecraft:cobblestone":54},"minecraft:used":{"minecraft:stone_sword":38,"minecraft:stone_pickaxe":127,"minecraft:wooden_pickaxe":12,"minecraft:sugar_cane":19,"minecraft:rotten_flesh":9,"minecraft:torch":2,"minecraft:dirt":2,"minecraft:mutton":2,"minecraft:crafting_table":3,"minecraft:white_bed":1,"minecraft:apple":7,"minecraft:iron_pickaxe":2,"minecraft:map":1,"minecraft:gravel":2,"minecraft:cobblestone":32,"minecraft:furnace":1,"minecraft:oak_boat":1},"minecraft:killed":{"minecraft:spider":2,"minecraft:creeper":1,"minecraft:sheep":1,"minecraft:skeleton":2,"minecraft:zombie":1},"minecraft:mined":{"minecraft:white_bed":1,"minecraft:grass_block":2,"minecraft:tall_grass":6,"minecraft:cobblestone":2,"minecraft:sugar_cane":7,"minecraft:wall_torch":2,"minecraft:iron_ore":33,"minecraft:birch_leaves":2,"minecraft:andesite":5,"minecraft:grass":21,"minecraft:oak_log":6,"minecraft:coal_ore":41,"minecraft:dirt":2,"minecraft:gravel":3,"minecraft:stone":53},"minecraft:custom":{"minecraft:interact_with_furnace":5,"minecraft:mob_kills":7,"minecraft:interact_with_crafting_table":11,"minecraft:time_since_death":33006,"minecraft:climb_one_cm":386,"minecraft:time_since_rest":33042,"minecraft:sprint_one_cm":112689,"minecraft:damage_taken":820,"minecraft:walk_one_cm":87361,"minecraft:drop":5,"minecraft:damage_dealt":1517,"minecraft:swim_one_cm":14304,"minecraft:fly_one_cm":122173,"minecraft:open_chest":3,"minecraft:crouch_one_cm":1003,"minecraft:play_time":36967,"minecraft:deaths":2,"minecraft:sneak_time":322,"minecraft:walk_under_water_one_cm":718,"minecraft:boat_one_cm":67866,"minecraft:jump":661,"minecraft:walk_on_water_one_cm":2094,"minecraft:total_world_time":36967,"minecraft:fall_one_cm":21966}},"DataVersion":3465}