{"stats":{"minecraft:crafted":{"minecraft:oak_door":3,"minecraft:oak_planks":24,"minecraft:furnace":2,"minecraft:iron_boots":1,"minecraft:polished_deepslate":12,"minecraft:iron_axe":2,"minecraft:stone_pickaxe":1,"minecraft:chest":2,"minecraft:crafting_table":4,"minecraft:spruce_planks":1160,"minecraft:wooden_pickaxe":1,"minecraft:iron_helmet":1,"minecraft:iron_sword":1,"minecraft:birch_planks":4,"minecraft:air":0,"minecraft:oak_boat":1,"minecraft:white_wool":2,"minecraft:iron_chestplate":1,"minecraft:shield":1,"minecraft:stick":16,"minecraft:iron_ingot":50,"minecraft:iron_pickaxe":2,"minecraft:stone_sword":1,"minecraft:iron_shovel":1,"minecraft:iron_leggings":1,"minecraft:torch":44},"minecraft:dropped":{"minecraft:wheat_seeds":6,"minecraft:granite":1,"minecraft:rail":10,"minecraft:white_wool":1,"minecraft:stone_sword":1,"minecraft:gunpowder":1,"minecraft:andesite":5,"minecraft:stone_pickaxe":2,"minecraft:wooden_pickaxe":1},"minecraft:picked_up":{"minecraft:crafting_table":3,"minecraft:enchanted_book":1,"minecraft:string":22,"minecraft:iron_shovel":1,"minecraft:cobbled_deepslate":40,"minecraft:bucket":1,"minecraft:spruce_planks":46,"minecraft:sugar_cane":21,"minecraft:chest":2,"minecraft:egg":2,"minecraft:furnace":2,"minecraft:raw_iron":240,"minecraft:stick":25,"minecraft:torch":15,"minecraft:diorite":14,"minecraft:iron_horse_armor":1,"minecraft:arrow":17,"minecraft:rotten_flesh":25,"minecraft:saddle":2,"minecraft:mutton":2,"minecraft:white_wool":1,"minecraft:rail":31,"minecraft:cobblestone":710,"minecraft:birch_log":1,"minecraft:andesite":5,"minecraft:potato":12,"minecraft:filled_map":1,"minecraft:flint":12,"minecraft:tuff":6,"minecraft:oak_log":6,"minecraft:gunpowder":12,"minecraft:dirt":118,"minecraft:lapis_lazuli":19,"minecraft:bone":62,"minecraft:bow":2,"minecraft:wheat_seeds":8,"minecraft:raw_gold":2,"minecraft:stone_pickaxe":1,"minecraft:iron_ingot":16,"minecraft:oak_planks":34,"minecraft:sweet_berries":58,"minecraft:gravel":42,"minecraft:spruce_sapling":54,"minecraft:white_bed":1,"minecraft:spruce_log":293,"minecraft:spider_eye":4,"minecraft:diamond":18,"minecraft:granite":42,"minecraft:golden_apple":1,"minecraft:coal":125},"minecraft:used":{"minecraft:stone_sword":38,"minecraft:iron_shovel":118,"minecraft:polished_deepslate":10,"minecraft:spruce_planks":1104,"minecraft:chest":4,"minecraft:shield":7,"minecraft:iron_sword":170,"minecraft:rotten_flesh":28,"minecraft:oak_door":1,"minecraft:torch":79,"minecraft:dirt":65,"minecraft:mutton":2,"minecraft:iron_axe":421,"minecraft:bow":3,"minecraft:sweet_berries":39,"minecraft:furnace":4,"minecraft:cobbled_deepslate":10,"minecraft:water_bucket":1,"minecraft:diorite":2,"minecraft:stone_pickaxe":127,"minecraft:wooden_pickaxe":12,"minecraft:sugar_cane":21,"minecraft:golden_apple":1,"minecraft:rail":1,"minecraft:crafting_table":7,"minecraft:white_bed":1,"minecraft:spruce_log":2,"minecraft:apple":13,"minecraft:bread":3,"minecraft:iron_pickaxe":895,"minecraft:map":1,"minecraft:spruce_sapling":32,"minecraft:gravel":2,"minecraft:cobblestone":527,"minecraft:bucket":1,"minecraft:oak_boat":1},"minecraft:killed":{"minecraft:spider":7,"minecraft:skeleton":14,"minecraft:creeper":9,"minecraft:sheep":1,"minecraft:zombie":17},"minecraft:broken":{"minecraft:iron_axe":1,"minecraft:iron_pickaxe":3},"minecraft:mined":{"minecraft:tuff":2,"minecraft:spruce_planks":46,"minecraft:white_bed":1,"minecraft:deepslate_diamond_ore":9,"minecraft:granite":41,"minecraft:grass_block":34,"minecraft:spruce_leaves":66,"minecraft:large_fern":1,"minecraft:spruce_sapling":3,"minecraft:furnace":2,"minecraft:iron_ore":144,"minecraft:cobbled_deepslate":3,"minecraft:andesite":5,"minecraft:pointed_dripstone":1,"minecraft:deepslate_iron_ore":4,"minecraft:rail":11,"minecraft:stone":659,"minecraft:crafting_table":3,"minecraft:torch":6,"minecraft:chest":2,"minecraft:tall_grass":6,"minecraft:cobblestone":24,"minecraft:lapis_ore":1,"minecraft:deepslate_gold_ore":2,"minecraft:sugar_cane":8,"minecraft:oak_planks":17,"minecraft:diorite":14,"minecraft:wall_torch":6,"minecraft:sweet_berry_bush":23,"minecraft:ice":4,"minecraft:spruce_log":296,"minecraft:birch_leaves":2,"minecraft:grass":23,"minecraft:oak_log":6,"minecraft:coal_ore":70,"minecraft:dirt":83,"minecraft:gravel":29,"minecraft:cobweb":8,"minecraft:deepslate":22,"minecraft:fern":7},"minecraft:custom":{"minecraft:mob_kills":49,"minecraft:interact_with_crafting_table":33,"minecraft:leave_game":5,"minecraft:time_since_death":160664,"minecraft:climb_one_cm":717,"minecraft:sprint_one_cm":507024,"minecraft:walk_one_cm":639734,"minecraft:damage_blocked_by_shield":400,"minecraft:drop":10,"minecraft:play_time":164625,"minecraft:deaths":2,"minecraft:sneak_time":1505,"minecraft:walk_under_water_one_cm":9778,"minecraft:boat_one_cm":67866,"minecraft:jump":2412,"minecraft:walk_on_water_one_cm":12608,"minecraft:total_world_time":164625,"minecraft:interact_with_furnace":12,"minecraft:sleep_in_bed":3,"minecraft:time_since_rest":28513,"minecraft:damage_taken":1488,"minecraft:damage_absorbed":39,"minecraft:damage_dealt":8920,"minecraft:swim_one_cm":22514,"minecraft:fly_one_cm":374236,"minecraft:open_chest":27,"minecraft:crouch_one_cm":6041,"minecraft:fall_one_cm":41384}},"DataVersion":3465}