{"stats":{"minecraft:crafted":{"minecraft:oak_planks":24,"minecraft:oak_boat":1,"minecraft:crafting_table":2,"minecraft:stick":8,"minecraft:wooden_pickaxe":1,"minecraft:stone_pickaxe":1,"minecraft:stone_sword":1,"minecraft:torch":4,"minecraft:birch_planks":4},"minecraft:dropped":{"minecraft:wooden_pickaxe":1},"minecraft:picked_up":{"minecraft:birch_log":1,"minecraft:raw_iron":10,"minecraft:andesite":1,"minecraft:oak_log":6,"minecraft:white_bed":1,"minecraft:gunpowder":1,"minecraft:dirt":2,"minecraft:rotten_flesh":9,"minecraft:wheat_seeds":6,"minecraft:granite":1,"minecraft:sugar_cane":19,"minecraft:mutton":2,"minecraft:coal":21,"minecraft:white_wool":1,"minecraft:cobblestone":14},"minecraft:used":{"minecraft:stone_sword":22,"minecraft:apple":3,"minecraft:stone_pickaxe":37,"minecraft:map":1,"minecraft:wooden_pickaxe":12,"minecraft:sugar_cane":19,"minecraft:rotten_flesh":7,"minecraft:cobblestone":6,"minecraft:dirt":2,"minecraft:mutton":2,"minecraft:crafting_table":2,"minecraft:white_bed":1,"minecraft:oak_boat":1},"minecraft:killed":{"minecraft:sheep":1,"minecraft:spider":1,"minecraft:creeper":1},"minecraft:mined":{"minecraft:white_bed":1,"minecraft:iron_ore":10,"minecraft:andesite":1,"minecraft:birch_leaves":2,"minecraft:grass":21,"minecraft:coal_ore":21,"minecraft:grass_block":2,"minecraft:oak_log":6,"minecraft:dirt":2,"minecraft:tall_grass":6,"minecraft:stone":14,"minecraft:sugar_cane":7},"minecraft:custom":{"minecraft:time_since_rest":21042,"minecraft:sprint_one_cm":95778,"minecraft:damage_taken":700,"minecraft:walk_one_cm":58796,"minecraft:mob_kills":3,"minecraft:drop":1,"minecraft:damage_dealt":907,"minecraft:interact_with_crafting_table":4,"minecraft:swim_one_cm":14304,"minecraft:fly_one_cm":114725,"minecraft:open_chest":3,"minecraft:crouch_one_cm":561,"minecraft:play_time":24967,"minecraft:deaths":2,"minecraft:sneak_time":124,"minecraft:walk_under_water_one_cm":718,"minecraft:boat_one_cm":67866,"minecraft:jump":568,"minecraft:walk_on_water_one_cm":2094,"minecraft:time_since_death":21006,"minecraft:total_world_time":24967,"minecraft:climb_one_cm":386,"minecraft:fall_one_cm":21010}},"DataVersion":3465}