{"stats":{"minecraft:killed":{"minecraft:pig":2,"minecraft:spider":1,"minecraft:creeper":1,"minecraft:skeleton":1,"minecraft:zombie":7,"minecraft:drowned":1},"minecraft:dropped":{"minecraft:stone_axe":2,"minecraft:spruce_stairs":2,"minecraft:dirt":8,"minecraft:gunpowder":1,"minecraft:stone_pickaxe":1,"minecraft:wooden_pickaxe":4},"minecraft:killed_by":{"minecraft:skeleton":2,"minecraft:zombie":1,"minecraft:drowned":1},"minecraft:used":{"minecraft:stone_sword":5,"minecraft:flint_and_steel":2,"minecraft:stone_pickaxe":59,"minecraft:spruce_planks":11,"minecraft:wooden_pickaxe":27,"minecraft:rotten_flesh":8,"minecraft:torch":14,"minecraft:golden_apple":1,"minecraft:dirt":58,"minecraft:crafting_table":3,"minecraft:spruce_log":1,"minecraft:smoker":1,"minecraft:obsidian":2,"minecraft:polished_granite":1,"minecraft:stone_axe":120,"minecraft:cobblestone":12,"minecraft:bow":1,"minecraft:furnace":1,"minecraft:porkchop":1,"minecraft:cooked_porkchop":2,"minecraft:golden_axe":32},"minecraft:crafted":{"minecraft:cooked_porkchop":2,"minecraft:crafting_table":1,"minecraft:spruce_planks":156,"minecraft:wooden_pickaxe":2,"minecraft:furnace":2,"minecraft:stone_axe":2,"minecraft:air":0,"minecraft:charcoal":6,"minecraft:stick":10,"minecraft:stone_pickaxe":1,"minecraft:stone_sword":1,"minecraft:torch":12,"minecraft:smoker":1},"minecraft:custom":{"minecraft:interact_with_furnace":4,"minecraft:mob_kills":13,"minecraft:interact_with_crafting_table":7,"minecraft:leave_game":2,"minecraft:time_since_death":930,"minecraft:time_since_rest":963,"minecraft:sprint_one_cm":159261,"minecraft:damage_taken":1386,"minecraft:walk_one_cm":161648,"minecraft:drop":11,"minecraft:damage_dealt":2472,"minecraft:swim_one_cm":4460,"minecraft:fly_one_cm":240736,"minecraft:open_chest":7,"minecraft:play_time":59376,"minecraft:deaths":4,"minecraft:sneak_time":2,"minecraft:walk_under_water_one_cm":4464,"minecraft:jump":1023,"minecraft:walk_on_water_one_cm":3209,"minecraft:total_world_time":59376,"minecraft:interact_with_smoker":4,"minecraft:fall_one_cm":18134},"minecraft:mined":{"minecraft:spruce_planks":5,"minecraft:smoker":1,"minecraft:polished_granite":1,"minecraft:crafting_table":3,"minecraft:torch":9,"minecraft:grass_block":14,"minecraft:cobblestone":7,"minecraft:spruce_leaves":18,"minecraft:sugar_cane":3,"minecraft:large_fern":48,"minecraft:spruce_stairs":2,"minecraft:furnace":1,"minecraft:fire":2,"minecraft:ice":10,"minecraft:spruce_log":50,"minecraft:grass":4,"minecraft:gravel":5,"minecraft:dirt":38,"minecraft:packed_ice":36,"minecraft:stone":50,"minecraft:fern":15},"minecraft:picked_up":{"minecraft:crafting_table":3,"minecraft:wheat":16,"minecraft:packed_ice":60,"minecraft:wooden_pickaxe":2,"minecraft:smoker":2,"minecraft:flint":6,"minecraft:gunpowder":1,"minecraft:lapis_lazuli":20,"minecraft:dirt":70,"minecraft:string":2,"minecraft:polished_granite":1,"minecraft:flint_and_steel":1,"minecraft:bow":1,"minecraft:wheat_seeds":33,"minecraft:gold_nugget":13,"minecraft:spruce_planks":264,"minecraft:iron_ingot":26,"minecraft:stone_pickaxe":3,"minecraft:iron_nugget":5,"minecraft:sugar_cane":34,"minecraft:furnace":2,"minecraft:stick":48,"minecraft:copper_ingot":1,"minecraft:torch":8,"minecraft:spruce_stairs":2,"minecraft:gravel":3,"minecraft:porkchop":3,"minecraft:sand":40,"minecraft:spruce_sapling":36,"minecraft:spruce_log":50,"minecraft:spider_eye":1,"minecraft:arrow":1,"minecraft:rotten_flesh":7,"minecraft:stone_axe":5,"minecraft:emerald":5,"minecraft:snowball":4,"minecraft:coal":5,"minecraft:cobblestone":117},"minecraft:broken":{"minecraft:golden_axe":1,"minecraft:stone_axe":1}},"DataVersion":3105}