{"stats":{"minecraft:crafted":{"minecraft:oak_door":3,"minecraft:oak_planks":24,"minecraft:furnace":2,"minecraft:iron_boots":1,"minecraft:polished_deepslate":12,"minecraft:iron_axe":2,"minecraft:stone_pickaxe":1,"minecraft:chest":2,"minecraft:crafting_table":4,"minecraft:spruce_planks":1012,"minecraft:iron_helmet":1,"minecraft:wooden_pickaxe":1,"minecraft:iron_sword":1,"minecraft:birch_planks":4,"minecraft:air":0,"minecraft:oak_boat":1,"minecraft:iron_chestplate":1,"minecraft:shield":1,"minecraft:stick":16,"minecraft:iron_ingot":50,"minecraft:iron_pickaxe":2,"minecraft:stone_sword":1,"minecraft:iron_shovel":1,"minecraft:iron_leggings":1,"minecraft:torch":12},"minecraft:dropped":{"minecraft:wheat_seeds":6,"minecraft:granite":1,"minecraft:rail":10,"minecraft:white_wool":1,"minecraft:stone_sword":1,"minecraft:gunpowder":1,"minecraft:andesite":5,"minecraft:stone_pickaxe":2,"minecraft:wooden_pickaxe":1},"minecraft:picked_up":{"minecraft:crafting_table":3,"minecraft:enchanted_book":1,"minecraft:string":22,"minecraft:iron_shovel":1,"minecraft:cobbled_deepslate":40,"minecraft:bucket":1,"minecraft:spruce_planks":45,"minecraft:sugar_cane":21,"minecraft:chest":2,"minecraft:furnace":2,"minecraft:raw_iron":240,"minecraft:stick":21,"minecraft:torch":12,"minecraft:diorite":4,"minecraft:iron_horse_armor":1,"minecraft:arrow":15,"minecraft:rotten_flesh":25,"minecraft:saddle":2,"minecraft:mutton":2,"minecraft:rail":31,"minecraft:white_wool":1,"minecraft:cobblestone":198,"minecraft:birch_log":1,"minecraft:andesite":5,"minecraft:potato":12,"minecraft:filled_map":1,"minecraft:flint":12,"minecraft:tuff":6,"minecraft:oak_log":6,"minecraft:gunpowder":11,"minecraft:lapis_lazuli":13,"minecraft:dirt":16,"minecraft:bone":60,"minecraft:bow":2,"minecraft:wheat_seeds":8,"minecraft:raw_gold":2,"minecraft:iron_ingot":16,"minecraft:stone_pickaxe":1,"minecraft:oak_planks":34,"minecraft:sweet_berries":58,"minecraft:gravel":42,"minecraft:spruce_sapling":48,"minecraft:white_bed":1,"minecraft:spruce_log":262,"minecraft:spider_eye":4,"minecraft:diamond":18,"minecraft:granite":12,"minecraft:golden_apple":1,"minecraft:coal":125},"minecraft:used":{"minecraft:stone_sword":38,"minecraft:iron_shovel":19,"minecraft:polished_deepslate":10,"minecraft:chest":4,"minecraft:spruce_planks":980,"minecraft:shield":7,"minecraft:iron_sword":158,"minecraft:rotten_flesh":28,"minecraft:oak_door":1,"minecraft:torch":70,"minecraft:dirt":2,"minecraft:mutton":2,"minecraft:iron_axe":382,"minecraft:bow":3,"minecraft:sweet_berries":29,"minecraft:furnace":4,"minecraft:cobbled_deepslate":10,"minecraft:water_bucket":1,"minecraft:diorite":2,"minecraft:stone_pickaxe":127,"minecraft:wooden_pickaxe":12,"minecraft:sugar_cane":21,"minecraft:golden_apple":1,"minecraft:rail":1,"minecraft:crafting_table":7,"minecraft:white_bed":1,"minecraft:spruce_log":2,"minecraft:apple":13,"minecraft:bread":3,"minecraft:iron_pickaxe":340,"minecraft:map":1,"minecraft:spruce_sapling":30,"minecraft:gravel":2,"minecraft:cobblestone":121,"minecraft:bucket":1,"minecraft:oak_boat":1},"minecraft:killed":{"minecraft:spider":6,"minecraft:skeleton":13,"minecraft:creeper":8,"minecraft:sheep":1,"minecraft:zombie":17},"minecraft:broken":{"minecraft:iron_axe":1,"minecraft:iron_pickaxe":1},"minecraft:mined":{"minecraft:tuff":2,"minecraft:spruce_planks":45,"minecraft:white_bed":1,"minecraft:deepslate_diamond_ore":9,"minecraft:granite":11,"minecraft:grass_block":12,"minecraft:spruce_leaves":54,"minecraft:large_fern":1,"minecraft:spruce_sapling":3,"minecraft:furnace":2,"minecraft:iron_ore":144,"minecraft:cobbled_deepslate":3,"minecraft:andesite":5,"minecraft:pointed_dripstone":1,"minecraft:deepslate_iron_ore":4,"minecraft:rail":11,"minecraft:stone":149,"minecraft:crafting_table":3,"minecraft:torch":6,"minecraft:chest":2,"minecraft:cobblestone":20,"minecraft:tall_grass":6,"minecraft:deepslate_gold_ore":2,"minecraft:oak_planks":17,"minecraft:sugar_cane":8,"minecraft:diorite":4,"minecraft:wall_torch":5,"minecraft:sweet_berry_bush":23,"minecraft:ice":2,"minecraft:spruce_log":266,"minecraft:birch_leaves":2,"minecraft:grass":23,"minecraft:coal_ore":70,"minecraft:oak_log":6,"minecraft:dirt":3,"minecraft:gravel":29,"minecraft:cobweb":8,"minecraft:deepslate":22,"minecraft:fern":7},"minecraft:custom":{"minecraft:mob_kills":46,"minecraft:interact_with_crafting_table":33,"minecraft:leave_game":3,"minecraft:time_since_death":133874,"minecraft:climb_one_cm":717,"minecraft:sprint_one_cm":468669,"minecraft:walk_one_cm":523786,"minecraft:damage_blocked_by_shield":400,"minecraft:drop":10,"minecraft:play_time":137835,"minecraft:deaths":2,"minecraft:sneak_time":367,"minecraft:walk_under_water_one_cm":9778,"minecraft:boat_one_cm":67866,"minecraft:jump":2147,"minecraft:walk_on_water_one_cm":7293,"minecraft:total_world_time":137835,"minecraft:interact_with_furnace":12,"minecraft:sleep_in_bed":3,"minecraft:time_since_rest":1723,"minecraft:damage_taken":1439,"minecraft:damage_absorbed":39,"minecraft:damage_dealt":8501,"minecraft:fly_one_cm":324806,"minecraft:swim_one_cm":22514,"minecraft:open_chest":24,"minecraft:crouch_one_cm":1174,"minecraft:fall_one_cm":37908}},"DataVersion":3465}