{"stats":{"minecraft:killed":{"minecraft:chicken":1},"minecraft:mined":{"minecraft:grass":2},"minecraft:custom":{"minecraft:jump":29,"minecraft:time_since_rest":3656,"minecraft:damage_dealt":40,"minecraft:leave_game":1,"minecraft:damage_taken":60,"minecraft:sprint_one_cm":1905,"minecraft:play_time":3656,"minecraft:walk_on_water_one_cm":369,"minecraft:time_since_death":3656,"minecraft:walk_one_cm":4423,"minecraft:walk_under_water_one_cm":1420,"minecraft:total_world_time":3656,"minecraft:mob_kills":1,"minecraft:swim_one_cm":6513,"minecraft:fall_one_cm":836,"minecraft:fly_one_cm":6236},"minecraft:picked_up":{"minecraft:chicken":1}},"DataVersion":3465}