{"stats":{"minecraft:crafted":{"minecraft:oak_planks":24,"minecraft:blaze_powder":2,"minecraft:quartz_bricks":56,"minecraft:diamond_shovel":1,"minecraft:glass":24,"minecraft:cake":7,"minecraft:bamboo_block":155,"minecraft:quartz_block":56,"minecraft:diamond_helmet":1,"minecraft:iron_boots":8,"minecraft:diamond_leggings":4,"minecraft:chest":4,"minecraft:bamboo_raft":2,"minecraft:glass_bottle":9,"minecraft:emerald":97,"minecraft:diamond_axe":4,"minecraft:crafting_table":4,"minecraft:spruce_planks":2644,"minecraft:wooden_pickaxe":1,"minecraft:iron_helmet":1,"minecraft:chainmail_chestplate":12,"minecraft:brewing_stand":1,"minecraft:birch_planks":4,"minecraft:apple":48,"minecraft:bamboo_planks":296,"minecraft:book":6,"minecraft:iron_chestplate":1,"minecraft:paper":63,"minecraft:diamond_pickaxe":1,"minecraft:shield":1,"minecraft:stick":1084,"minecraft:iron_ingot":50,"minecraft:iron_pickaxe":2,"minecraft:stone_sword":1,"minecraft:gold_ingot":10,"minecraft:golden_carrot":36,"minecraft:oak_door":3,"minecraft:cookie":144,"minecraft:stone_shovel":11,"minecraft:spruce_button":37,"minecraft:furnace":3,"minecraft:bone_meal":24,"minecraft:flint_and_steel":1,"minecraft:polished_deepslate":12,"minecraft:iron_axe":6,"minecraft:stone_pickaxe":1,"minecraft:diamond_boots":4,"minecraft:chainmail_leggings":12,"minecraft:diamond_sword":1,"minecraft:iron_sword":4,"minecraft:bell":12,"minecraft:glowstone":7,"minecraft:enchanted_book":15,"minecraft:bread":66,"minecraft:air":0,"minecraft:oak_boat":1,"minecraft:white_wool":2,"minecraft:fermented_spider_eye":2,"minecraft:iron_shovel":1,"minecraft:iron_leggings":4,"minecraft:torch":116,"minecraft:diamond_chestplate":1},"minecraft:dropped":{"minecraft:moss_block":48,"minecraft:diamond_axe":1,"minecraft:rail":10,"minecraft:dirt":688,"minecraft:white_wool":1,"minecraft:gold_ingot":5,"minecraft:obsidian":3,"minecraft:rotten_flesh":3,"minecraft:gunpowder":3,"minecraft:azalea":4,"minecraft:spruce_slab":1,"minecraft:crying_obsidian":3,"minecraft:lectern":1,"minecraft:bread":1,"minecraft:wheat_seeds":12,"minecraft:smithing_table":1,"minecraft:iron_helmet":1,"minecraft:cobblestone":320,"minecraft:granite":1,"minecraft:torch":1,"minecraft:iron_leggings":1,"minecraft:flowering_azalea":3,"minecraft:moss_carpet":20,"minecraft:stone_sword":1,"minecraft:tuff":1,"minecraft:iron_boots":1,"minecraft:spruce_planks":7,"minecraft:iron_chestplate":1,"minecraft:andesite":5,"minecraft:spruce_log":41,"minecraft:stone_pickaxe":2,"minecraft:wooden_pickaxe":1},"minecraft:picked_up":{"minecraft:smithing_table":1,"minecraft:enchanted_book":1,"minecraft:string":43,"minecraft:gold_nugget":155,"minecraft:cobbled_deepslate":67,"minecraft:bucket":1,"minecraft:spruce_planks":92,"minecraft:azalea":5,"minecraft:furnace":2,"minecraft:stick":61,"minecraft:big_dripleaf":6,"minecraft:torch":58,"minecraft:porkchop":6,"minecraft:diorite":14,"minecraft:rotten_flesh":66,"minecraft:tropical_fish":1,"minecraft:blaze_rod":5,"minecraft:obsidian":21,"minecraft:snowball":24,"minecraft:cobblestone":1717,"minecraft:birch_log":1,"minecraft:magma_block":12,"minecraft:andesite":5,"minecraft:potato":12,"minecraft:flint":12,"minecraft:tuff":7,"minecraft:dirt":1273,"minecraft:lapis_lazuli":44,"minecraft:bone":101,"minecraft:bow":2,"minecraft:wheat_seeds":18,"minecraft:raw_gold":18,"minecraft:grindstone":1,"minecraft:bamboo":1416,"minecraft:glowstone_dust":30,"minecraft:moss_block":48,"minecraft:oak_planks":34,"minecraft:ghast_tear":1,"minecraft:bamboo_raft":1,"minecraft:sand":62,"minecraft:grass_block":1,"minecraft:sugar":2,"minecraft:diamond":41,"minecraft:granite":42,"minecraft:golden_apple":1,"minecraft:spruce_button":7,"minecraft:emerald":24,"minecraft:netherrack":34,"minecraft:crafting_table":4,"minecraft:clay_ball":74,"minecraft:brown_mushroom":22,"minecraft:moss_carpet":21,"minecraft:iron_shovel":1,"minecraft:blackstone":9,"minecraft:beef":8,"minecraft:spruce_slab":1,"minecraft:lectern":2,"minecraft:sugar_cane":128,"minecraft:chest":2,"minecraft:egg":3,"minecraft:raw_iron":288,"minecraft:iron_horse_armor":1,"minecraft:arrow":54,"minecraft:saddle":2,"minecraft:glow_berries":61,"minecraft:mutton":2,"minecraft:white_wool":1,"minecraft:rail":31,"minecraft:leather":6,"minecraft:filled_map":1,"minecraft:oak_log":6,"minecraft:gunpowder":25,"minecraft:blue_bed":1,"minecraft:stone_pickaxe":1,"minecraft:iron_ingot":16,"minecraft:flowering_azalea":3,"minecraft:scaffolding":47,"minecraft:bamboo_planks":5,"minecraft:sweet_berries":58,"minecraft:quartz":234,"minecraft:gravel":52,"minecraft:spruce_sapling":99,"minecraft:white_bed":1,"minecraft:spruce_log":764,"minecraft:crying_obsidian":2,"minecraft:spider_eye":9,"minecraft:purple_bed":1,"minecraft:diamond_axe":1,"minecraft:coal":159,"minecraft:ender_pearl":3},"minecraft:used":{"minecraft:iron_shovel":118,"minecraft:polished_deepslate":10,"minecraft:spruce_slab":983,"minecraft:chest":114,"minecraft:shield":7,"minecraft:stone":814,"minecraft:iron_sword":269,"minecraft:zombie_spawn_egg":2,"minecraft:rotten_flesh":40,"minecraft:mutton":2,"minecraft:jungle_planks":5,"minecraft:snowball":21,"minecraft:obsidian":68,"minecraft:glass":252,"minecraft:villager_spawn_egg":27,"minecraft:grass_block":131,"minecraft:magma_block":11,"minecraft:bow":15,"minecraft:scaffolding":175,"minecraft:sweet_berries":58,"minecraft:furnace":5,"minecraft:diorite":2,"minecraft:stone_pickaxe":127,"minecraft:wooden_pickaxe":12,"minecraft:composter":3,"minecraft:blue_bed":1,"minecraft:diamond_axe":695,"minecraft:sugar_cane":161,"minecraft:jungle_boat":1,"minecraft:golden_apple":1,"minecraft:glow_berries":66,"minecraft:blast_furnace":5,"minecraft:birch_fence":16,"minecraft:birch_fence_gate":7,"minecraft:crying_obsidian":3,"minecraft:bread":41,"minecraft:lectern":555,"minecraft:gravel":2,"minecraft:diamond_sword":290,"minecraft:grindstone":3,"minecraft:smithing_table":7,"minecraft:oak_boat":1,"minecraft:bone_meal":567,"minecraft:experience_bottle":3,"minecraft:oak_trapdoor":5,"minecraft:stone_sword":38,"minecraft:flint_and_steel":24,"minecraft:tropical_fish":1,"minecraft:spruce_planks":5946,"minecraft:netherrack":16,"minecraft:oak_door":1,"minecraft:torch":539,"minecraft:brewing_stand":1,"minecraft:dirt":297,"minecraft:spruce_stairs":163,"minecraft:spruce_fence":27,"minecraft:bamboo_raft":7,"minecraft:iron_axe":620,"minecraft:spruce_button":701,"minecraft:bamboo":119,"minecraft:golden_carrot":14,"minecraft:goat_horn":5,"minecraft:minecart":11,"minecraft:cobbled_deepslate":10,"minecraft:bamboo_planks":1042,"minecraft:water_bucket":343,"minecraft:glass_bottle":6,"minecraft:brown_mushroom":1,"minecraft:fletching_table":7,"minecraft:rail":54,"minecraft:crafting_table":10,"minecraft:red_bed":2,"minecraft:bamboo_block":103,"minecraft:white_bed":1,"minecraft:spruce_log":1525,"minecraft:diamond_pickaxe":1614,"minecraft:apple":13,"minecraft:diamond_shovel":1379,"minecraft:iron_pickaxe":944,"minecraft:map":1,"minecraft:spruce_trapdoor":2,"minecraft:spruce_sapling":68,"minecraft:cobblestone":862,"minecraft:purple_bed":1,"minecraft:bucket":14,"minecraft:splash_potion":9},"minecraft:killed":{"minecraft:zombified_piglin":1,"minecraft:witch":2,"minecraft:spider":22,"minecraft:skeleton":47,"minecraft:magma_cube":2,"minecraft:piglin":6,"minecraft:pig":1,"minecraft:creeper":19,"minecraft:sheep":1,"minecraft:zombie":67,"minecraft:ghast":1,"minecraft:cow":4,"minecraft:blaze":13,"minecraft:slime":1,"minecraft:hoglin":3,"minecraft:wither_skeleton":1,"minecraft:villager":2,"minecraft:enderman":4},"minecraft:broken":{"minecraft:iron_sword":1,"minecraft:iron_axe":1,"minecraft:iron_pickaxe":3},"minecraft:mined":{"minecraft:spruce_planks":91,"minecraft:white_bed":1,"minecraft:obsidian":20,"minecraft:spruce_trapdoor":1,"minecraft:granite":41,"minecraft:grass_block":588,"minecraft:magma_block":12,"minecraft:glowstone":10,"minecraft:iron_ore":152,"minecraft:cobbled_deepslate":3,"minecraft:fire":6,"minecraft:pointed_dripstone":1,"minecraft:cave_vines":7,"minecraft:brown_mushroom":5,"minecraft:clay":15,"minecraft:torch":18,"minecraft:chest":2,"minecraft:mushroom_stem":4,"minecraft:nether_quartz_ore":234,"minecraft:cobblestone":44,"minecraft:grindstone":1,"minecraft:sugar_cane":68,"minecraft:oak_planks":17,"minecraft:wall_torch":18,"minecraft:bamboo_planks":6,"minecraft:grass":29,"minecraft:oak_log":6,"minecraft:sand":63,"minecraft:dirt":855,"minecraft:netherrack":35,"minecraft:deepslate":44,"minecraft:nether_gold_ore":37,"minecraft:diamond_ore":1,"minecraft:tuff":3,"minecraft:deepslate_diamond_ore":31,"minecraft:brown_mushroom_block":45,"minecraft:spruce_leaves":197,"minecraft:moss_block":11,"minecraft:large_fern":6,"minecraft:spruce_sapling":3,"minecraft:furnace":2,"minecraft:snow":24,"minecraft:andesite":5,"minecraft:deepslate_iron_ore":46,"minecraft:rail":11,"minecraft:bamboo":117,"minecraft:stone":1781,"minecraft:flowering_azalea":1,"minecraft:crafting_table":4,"minecraft:lectern":1,"minecraft:tall_grass":11,"minecraft:lapis_ore":5,"minecraft:deepslate_gold_ore":18,"minecraft:diorite":14,"minecraft:blue_bed":1,"minecraft:big_dripleaf":1,"minecraft:purple_bed":1,"minecraft:sweet_berry_bush":23,"minecraft:ice":4,"minecraft:spruce_log":720,"minecraft:birch_leaves":2,"minecraft:coal_ore":104,"minecraft:gravel":29,"minecraft:cobweb":8,"minecraft:fern":11},"minecraft:custom":{"minecraft:interact_with_crafting_table":51,"minecraft:leave_game":23,"minecraft:time_since_death":1041104,"minecraft:sprint_one_cm":1610668,"minecraft:damage_blocked_by_shield":400,"minecraft:drop":66,"minecraft:talked_to_villager":873,"minecraft:play_time":1045065,"minecraft:deaths":2,"minecraft:jump":10524,"minecraft:interact_with_brewingstand":8,"minecraft:walk_on_water_one_cm":137810,"minecraft:interact_with_furnace":14,"minecraft:traded_with_villager":243,"minecraft:sleep_in_bed":30,"minecraft:damage_dealt":37936,"minecraft:crouch_one_cm":23089,"minecraft:mob_kills":203,"minecraft:climb_one_cm":13132,"minecraft:walk_one_cm":2655064,"minecraft:sneak_time":10897,"minecraft:walk_under_water_one_cm":74502,"minecraft:boat_one_cm":81723,"minecraft:total_world_time":1045065,"minecraft:interact_with_grindstone":1,"minecraft:time_since_rest":7626,"minecraft:damage_taken":3832,"minecraft:damage_absorbed":39,"minecraft:minecart_one_cm":66,"minecraft:swim_one_cm":116226,"minecraft:fly_one_cm":5829814,"minecraft:open_chest":129,"minecraft:fall_one_cm":126959}},"DataVersion":3465}