{"stats":{"minecraft:crafted":{"minecraft:oak_planks":24,"minecraft:blaze_powder":2,"minecraft:quartz_bricks":260,"minecraft:diamond_shovel":2,"minecraft:glass":321,"minecraft:cake":7,"minecraft:bamboo_block":155,"minecraft:quartz_block":272,"minecraft:diamond_helmet":1,"minecraft:diamond_leggings":4,"minecraft:iron_boots":8,"minecraft:chest":6,"minecraft:bamboo_raft":2,"minecraft:glass_bottle":9,"minecraft:emerald":163,"minecraft:diamond_axe":4,"minecraft:crafting_table":6,"minecraft:spruce_planks":3212,"minecraft:wooden_pickaxe":1,"minecraft:iron_helmet":1,"minecraft:spruce_door":3,"minecraft:chainmail_chestplate":12,"minecraft:birch_planks":4,"minecraft:brewing_stand":1,"minecraft:apple":48,"minecraft:bamboo_planks":296,"minecraft:iron_chestplate":1,"minecraft:book":6,"minecraft:paper":63,"minecraft:diamond_pickaxe":1,"minecraft:charcoal":128,"minecraft:shield":1,"minecraft:stick":2827,"minecraft:iron_ingot":116,"minecraft:iron_pickaxe":2,"minecraft:iron_block":3,"minecraft:stone_sword":1,"minecraft:gold_ingot":62,"minecraft:golden_carrot":36,"minecraft:oak_door":3,"minecraft:cookie":144,"minecraft:stone_shovel":11,"minecraft:spruce_button":38,"minecraft:furnace":6,"minecraft:bone_meal":24,"minecraft:flint_and_steel":1,"minecraft:polished_deepslate":12,"minecraft:iron_axe":6,"minecraft:stone_pickaxe":1,"minecraft:diamond_boots":5,"minecraft:chainmail_leggings":12,"minecraft:crimson_planks":48,"minecraft:diamond_sword":1,"minecraft:bell":12,"minecraft:iron_sword":4,"minecraft:glowstone":7,"minecraft:enchanted_book":18,"minecraft:bread":66,"minecraft:air":0,"minecraft:oak_boat":1,"minecraft:white_wool":2,"minecraft:fermented_spider_eye":2,"minecraft:iron_shovel":1,"minecraft:iron_leggings":4,"minecraft:stonecutter":1,"minecraft:anvil":1,"minecraft:torch":116,"minecraft:diamond_chestplate":1},"minecraft:dropped":{"minecraft:moss_block":48,"minecraft:diamond_axe":1,"minecraft:cookie":2,"minecraft:rail":10,"minecraft:dirt":690,"minecraft:white_wool":1,"minecraft:gold_ingot":5,"minecraft:gravel":3,"minecraft:obsidian":3,"minecraft:rotten_flesh":3,"minecraft:diamond_shovel":1,"minecraft:gunpowder":3,"minecraft:azalea":4,"minecraft:spruce_slab":3,"minecraft:glass":1,"minecraft:crying_obsidian":3,"minecraft:netherrack":150,"minecraft:lectern":1,"minecraft:bread":4,"minecraft:wheat_seeds":12,"minecraft:smithing_table":1,"minecraft:iron_helmet":1,"minecraft:cobblestone":322,"minecraft:book":1,"minecraft:granite":1,"minecraft:torch":1,"minecraft:iron_leggings":1,"minecraft:flowering_azalea":3,"minecraft:moss_carpet":20,"minecraft:stone_sword":1,"minecraft:tuff":1,"minecraft:iron_boots":1,"minecraft:diamond_sword":2,"minecraft:spruce_planks":8,"minecraft:diamond_pickaxe":3,"minecraft:iron_chestplate":1,"minecraft:andesite":5,"minecraft:golden_sword":1,"minecraft:spruce_log":41,"minecraft:stone_pickaxe":2,"minecraft:wooden_pickaxe":1},"minecraft:picked_up":{"minecraft:smithing_table":1,"minecraft:diamond_sword":4,"minecraft:enchanted_book":1,"minecraft:golden_sword":1,"minecraft:string":46,"minecraft:diamond_leggings":2,"minecraft:gold_nugget":641,"minecraft:cobbled_deepslate":67,"minecraft:bucket":1,"minecraft:spruce_planks":469,"minecraft:azalea":6,"minecraft:furnace":3,"minecraft:stick":711,"minecraft:big_dripleaf":7,"minecraft:torch":144,"minecraft:spruce_stairs":1,"minecraft:porkchop":12,"minecraft:diorite":14,"minecraft:goat_horn":1,"minecraft:quartz_block":31,"minecraft:rotten_flesh":121,"minecraft:tropical_fish":3,"minecraft:blaze_rod":5,"minecraft:obsidian":22,"minecraft:snowball":24,"minecraft:cobblestone":1839,"minecraft:birch_log":1,"minecraft:magma_block":12,"minecraft:water_bucket":2,"minecraft:andesite":5,"minecraft:potato":12,"minecraft:flint":13,"minecraft:tuff":7,"minecraft:lapis_lazuli":44,"minecraft:dirt":1364,"minecraft:glass":1,"minecraft:bone":133,"minecraft:bow":2,"minecraft:wheat_seeds":26,"minecraft:raw_gold":18,"minecraft:grindstone":1,"minecraft:glowstone_dust":30,"minecraft:diamond_helmet":2,"minecraft:bamboo":2473,"minecraft:moss_block":48,"minecraft:oak_planks":34,"minecraft:ghast_tear":1,"minecraft:bamboo_raft":1,"minecraft:birch_fence_gate":3,"minecraft:sand":364,"minecraft:grass_block":2,"minecraft:quartz_bricks":121,"minecraft:sugar":2,"minecraft:diamond":41,"minecraft:granite":42,"minecraft:bone_meal":128,"minecraft:golden_apple":2,"minecraft:spruce_button":9,"minecraft:bread":6,"minecraft:emerald":31,"minecraft:netherrack":307,"minecraft:diamond_pickaxe":5,"minecraft:crafting_table":8,"minecraft:clay_ball":74,"minecraft:brown_mushroom":22,"minecraft:shield":2,"minecraft:moss_carpet":21,"minecraft:iron_shovel":1,"minecraft:blackstone":9,"minecraft:beef":8,"minecraft:spruce_slab":133,"minecraft:lectern":2,"minecraft:sugar_cane":372,"minecraft:chest":2,"minecraft:egg":5,"minecraft:raw_iron":292,"minecraft:stone":86,"minecraft:cookie":63,"minecraft:iron_horse_armor":1,"minecraft:arrow":92,"minecraft:diamond_chestplate":2,"minecraft:saddle":2,"minecraft:gold_ingot":52,"minecraft:glow_berries":61,"minecraft:mutton":3,"minecraft:white_wool":2,"minecraft:rail":31,"minecraft:golden_carrot":24,"minecraft:crimson_stem":12,"minecraft:leather":6,"minecraft:filled_map":1,"minecraft:oak_log":6,"minecraft:gunpowder":31,"minecraft:blue_bed":1,"minecraft:iron_ingot":16,"minecraft:stone_pickaxe":1,"minecraft:flowering_azalea":3,"minecraft:book":1,"minecraft:scaffolding":47,"minecraft:bamboo_planks":5,"minecraft:sweet_berries":116,"minecraft:quartz":1102,"minecraft:gravel":68,"minecraft:spruce_sapling":178,"minecraft:white_bed":1,"minecraft:spruce_log":780,"minecraft:spruce_door":1,"minecraft:crying_obsidian":2,"minecraft:spider_eye":9,"minecraft:diamond_shovel":1,"minecraft:purple_bed":1,"minecraft:diamond_axe":3,"minecraft:coal":159,"minecraft:ender_pearl":6},"minecraft:used":{"minecraft:iron_shovel":118,"minecraft:polished_deepslate":10,"minecraft:spruce_slab":1251,"minecraft:chest":116,"minecraft:shield":7,"minecraft:iron_sword":269,"minecraft:stone":826,"minecraft:zombie_spawn_egg":2,"minecraft:rotten_flesh":40,"minecraft:mutton":2,"minecraft:jungle_planks":5,"minecraft:snowball":21,"minecraft:obsidian":68,"minecraft:glass":1125,"minecraft:villager_spawn_egg":27,"minecraft:grass_block":481,"minecraft:quartz_block":954,"minecraft:stone_bricks":1343,"minecraft:magma_block":11,"minecraft:bow":15,"minecraft:scaffolding":175,"minecraft:sweet_berries":58,"minecraft:furnace":9,"minecraft:diorite":2,"minecraft:spruce_door":3,"minecraft:stone_pickaxe":127,"minecraft:wooden_pickaxe":12,"minecraft:composter":3,"minecraft:sugar_cane":235,"minecraft:diamond_axe":1156,"minecraft:blue_bed":1,"minecraft:jungle_boat":1,"minecraft:cookie":104,"minecraft:glow_berries":66,"minecraft:golden_apple":2,"minecraft:sand":2,"minecraft:blast_furnace":5,"minecraft:birch_fence":16,"minecraft:birch_fence_gate":10,"minecraft:crying_obsidian":3,"minecraft:bread":69,"minecraft:lectern":555,"minecraft:gravel":15,"minecraft:diamond_sword":629,"minecraft:grindstone":3,"minecraft:smithing_table":7,"minecraft:oak_boat":1,"minecraft:bone_meal":567,"minecraft:experience_bottle":259,"minecraft:oak_trapdoor":5,"minecraft:stone_sword":38,"minecraft:flint_and_steel":30,"minecraft:tropical_fish":1,"minecraft:spruce_planks":6057,"minecraft:bamboo_door":4,"minecraft:netherrack":139,"minecraft:oak_door":1,"minecraft:torch":800,"minecraft:brewing_stand":1,"minecraft:dirt":356,"minecraft:anvil":1,"minecraft:spruce_stairs":163,"minecraft:diamond_helmet":2,"minecraft:spruce_fence":93,"minecraft:bamboo_raft":7,"minecraft:iron_axe":620,"minecraft:spruce_button":704,"minecraft:bamboo":120,"minecraft:golden_carrot":14,"minecraft:goat_horn":5,"minecraft:minecart":11,"minecraft:cobbled_deepslate":10,"minecraft:bamboo_planks":1042,"minecraft:quartz_bricks":1131,"minecraft:water_bucket":642,"minecraft:glass_bottle":6,"minecraft:brown_mushroom":1,"minecraft:fletching_table":7,"minecraft:stonecutter":1,"minecraft:rail":54,"minecraft:crafting_table":14,"minecraft:red_bed":2,"minecraft:bamboo_block":103,"minecraft:white_bed":1,"minecraft:spruce_log":5888,"minecraft:diamond_pickaxe":2535,"minecraft:apple":13,"minecraft:diamond_shovel":1693,"minecraft:iron_pickaxe":944,"minecraft:map":1,"minecraft:spruce_trapdoor":2,"minecraft:spruce_sapling":68,"minecraft:cobblestone":865,"minecraft:purple_bed":1,"minecraft:bucket":14,"minecraft:kelp":298,"minecraft:diamond_leggings":2,"minecraft:splash_potion":9},"minecraft:killed":{"minecraft:zombified_piglin":34,"minecraft:witch":2,"minecraft:spider":26,"minecraft:skeleton":62,"minecraft:fox":1,"minecraft:magma_cube":18,"minecraft:piglin":24,"minecraft:pig":1,"minecraft:creeper":28,"minecraft:sheep":2,"minecraft:zombie":86,"minecraft:ghast":1,"minecraft:cow":4,"minecraft:blaze":13,"minecraft:slime":1,"minecraft:hoglin":3,"minecraft:wither_skeleton":1,"minecraft:villager":2,"minecraft:enderman":5},"minecraft:broken":{"minecraft:iron_sword":1,"minecraft:iron_axe":1,"minecraft:iron_pickaxe":3},"minecraft:mined":{"minecraft:spruce_planks":359,"minecraft:white_bed":1,"minecraft:obsidian":20,"minecraft:spruce_trapdoor":1,"minecraft:granite":41,"minecraft:grass_block":640,"minecraft:magma_block":22,"minecraft:glowstone":10,"minecraft:iron_ore":152,"minecraft:cobbled_deepslate":3,"minecraft:fire":64,"minecraft:pointed_dripstone":1,"minecraft:cave_vines":7,"minecraft:dirt_path":3,"minecraft:spruce_slab":2,"minecraft:brown_mushroom":5,"minecraft:quartz_block":30,"minecraft:clay":15,"minecraft:torch":23,"minecraft:chest":2,"minecraft:mushroom_stem":4,"minecraft:glass":10,"minecraft:nether_quartz_ore":639,"minecraft:cobblestone":49,"minecraft:grindstone":1,"minecraft:sugar_cane":132,"minecraft:oak_planks":17,"minecraft:wall_torch":19,"minecraft:bamboo_planks":6,"minecraft:grass":42,"minecraft:oak_log":6,"minecraft:sand":373,"minecraft:dirt":863,"minecraft:netherrack":442,"minecraft:deepslate":44,"minecraft:nether_gold_ore":82,"minecraft:diamond_ore":1,"minecraft:tuff":3,"minecraft:deepslate_diamond_ore":31,"minecraft:birch_fence_gate":1,"minecraft:brown_mushroom_block":45,"minecraft:spruce_leaves":204,"minecraft:moss_block":11,"minecraft:crimson_stem":12,"minecraft:large_fern":36,"minecraft:spruce_sapling":3,"minecraft:furnace":3,"minecraft:snow":24,"minecraft:andesite":5,"minecraft:deepslate_iron_ore":46,"minecraft:rail":11,"minecraft:bamboo":204,"minecraft:stone":1781,"minecraft:flowering_azalea":2,"minecraft:spruce_door":1,"minecraft:crafting_table":6,"minecraft:spruce_button":2,"minecraft:lectern":1,"minecraft:tall_grass":13,"minecraft:quartz_bricks":12,"minecraft:lapis_ore":5,"minecraft:deepslate_gold_ore":18,"minecraft:diorite":14,"minecraft:blue_bed":1,"minecraft:big_dripleaf":2,"minecraft:purple_bed":1,"minecraft:sweet_berry_bush":46,"minecraft:ice":82,"minecraft:spruce_log":735,"minecraft:birch_leaves":2,"minecraft:coal_ore":104,"minecraft:gravel":46,"minecraft:cobweb":8,"minecraft:fern":40},"minecraft:custom":{"minecraft:interact_with_crafting_table":68,"minecraft:leave_game":29,"minecraft:time_since_death":1067834,"minecraft:sprint_one_cm":2444476,"minecraft:damage_blocked_by_shield":400,"minecraft:drop":93,"minecraft:talked_to_villager":961,"minecraft:play_time":2333747,"minecraft:deaths":4,"minecraft:jump":16577,"minecraft:interact_with_brewingstand":10,"minecraft:walk_on_water_one_cm":240020,"minecraft:interact_with_furnace":221,"minecraft:traded_with_villager":314,"minecraft:sleep_in_bed":42,"minecraft:damage_dealt":56791,"minecraft:crouch_one_cm":45401,"minecraft:mob_kills":320,"minecraft:interact_with_anvil":4,"minecraft:climb_one_cm":28370,"minecraft:walk_one_cm":3845488,"minecraft:sneak_time":23727,"minecraft:walk_under_water_one_cm":154358,"minecraft:boat_one_cm":81723,"minecraft:interact_with_blast_furnace":6,"minecraft:total_world_time":2333747,"minecraft:interact_with_grindstone":1,"minecraft:interact_with_stonecutter":1,"minecraft:time_since_rest":736402,"minecraft:damage_taken":5639,"minecraft:damage_absorbed":77,"minecraft:minecart_one_cm":66,"minecraft:swim_one_cm":141518,"minecraft:fly_one_cm":8252603,"minecraft:open_chest":280,"minecraft:fall_one_cm":191383}},"DataVersion":3465}