{"stats":{"minecraft:crafted":{"minecraft:oak_planks":24,"minecraft:crafting_table":4,"minecraft:wooden_pickaxe":1,"minecraft:iron_helmet":1,"minecraft:iron_sword":1,"minecraft:furnace":2,"minecraft:birch_planks":4,"minecraft:air":0,"minecraft:oak_boat":1,"minecraft:iron_chestplate":1,"minecraft:iron_boots":1,"minecraft:shield":1,"minecraft:iron_axe":1,"minecraft:stick":16,"minecraft:iron_ingot":50,"minecraft:iron_pickaxe":2,"minecraft:stone_pickaxe":1,"minecraft:stone_sword":1,"minecraft:iron_shovel":1,"minecraft:iron_leggings":1,"minecraft:torch":4},"minecraft:dropped":{"minecraft:wheat_seeds":6,"minecraft:stone_sword":1,"minecraft:granite":1,"minecraft:gunpowder":1,"minecraft:andesite":5,"minecraft:stone_pickaxe":2,"minecraft:wooden_pickaxe":1,"minecraft:white_wool":1},"minecraft:picked_up":{"minecraft:birch_log":1,"minecraft:crafting_table":2,"minecraft:andesite":5,"minecraft:flint":6,"minecraft:oak_log":6,"minecraft:gunpowder":3,"minecraft:string":8,"minecraft:dirt":4,"minecraft:bone":6,"minecraft:bow":1,"minecraft:wheat_seeds":6,"minecraft:stone_pickaxe":1,"minecraft:sugar_cane":19,"minecraft:oak_planks":22,"minecraft:furnace":1,"minecraft:raw_iron":132,"minecraft:torch":8,"minecraft:gravel":42,"minecraft:diorite":4,"minecraft:white_bed":1,"minecraft:arrow":5,"minecraft:rotten_flesh":14,"minecraft:granite":12,"minecraft:mutton":2,"minecraft:coal":87,"minecraft:rail":11,"minecraft:white_wool":1,"minecraft:cobblestone":157},"minecraft:used":{"minecraft:diorite":2,"minecraft:stone_sword":38,"minecraft:iron_shovel":18,"minecraft:stone_pickaxe":127,"minecraft:shield":1,"minecraft:wooden_pickaxe":12,"minecraft:iron_sword":49,"minecraft:sugar_cane":19,"minecraft:rotten_flesh":11,"minecraft:torch":54,"minecraft:dirt":2,"minecraft:rail":1,"minecraft:mutton":2,"minecraft:crafting_table":5,"minecraft:white_bed":1,"minecraft:apple":13,"minecraft:iron_axe":15,"minecraft:bread":3,"minecraft:iron_pickaxe":273,"minecraft:map":1,"minecraft:gravel":2,"minecraft:cobblestone":90,"minecraft:bow":3,"minecraft:furnace":2,"minecraft:oak_boat":1},"minecraft:killed":{"minecraft:spider":2,"minecraft:creeper":4,"minecraft:sheep":1,"minecraft:skeleton":6,"minecraft:zombie":6},"minecraft:broken":{"minecraft:iron_pickaxe":1},"minecraft:mined":{"minecraft:white_bed":1,"minecraft:crafting_table":2,"minecraft:torch":5,"minecraft:granite":11,"minecraft:grass_block":2,"minecraft:tall_grass":6,"minecraft:cobblestone":12,"minecraft:oak_planks":17,"minecraft:sugar_cane":7,"minecraft:diorite":4,"minecraft:wall_torch":2,"minecraft:furnace":1,"minecraft:iron_ore":133,"minecraft:birch_leaves":2,"minecraft:andesite":5,"minecraft:grass":21,"minecraft:oak_log":6,"minecraft:coal_ore":70,"minecraft:deepslate_iron_ore":1,"minecraft:rail":10,"minecraft:dirt":3,"minecraft:gravel":29,"minecraft:cobweb":8,"minecraft:stone":144},"minecraft:custom":{"minecraft:interact_with_furnace":12,"minecraft:mob_kills":20,"minecraft:interact_with_crafting_table":27,"minecraft:time_since_death":63006,"minecraft:climb_one_cm":386,"minecraft:time_since_rest":63042,"minecraft:sprint_one_cm":271988,"minecraft:damage_taken":1006,"minecraft:walk_one_cm":212191,"minecraft:damage_blocked_by_shield":145,"minecraft:drop":9,"minecraft:damage_dealt":3512,"minecraft:swim_one_cm":18869,"minecraft:fly_one_cm":144818,"minecraft:open_chest":3,"minecraft:crouch_one_cm":1003,"minecraft:play_time":66967,"minecraft:deaths":2,"minecraft:sneak_time":322,"minecraft:walk_under_water_one_cm":1173,"minecraft:boat_one_cm":67866,"minecraft:jump":943,"minecraft:walk_on_water_one_cm":3505,"minecraft:total_world_time":66967,"minecraft:fall_one_cm":23286}},"DataVersion":3465}